-- Table: Comment
INSERT INTO public."Comment" ("id", "postId", "userId", "content", "createdAt") VALUES ('cmp8dtxew00a6mavtgvcyp35s', 'cmp8dtxeq009mmavtdrwsucg2', 'cmp8dtxbf000cmavt5aq9r3xj', 'చాలా బాగుంది సర్! రోడ్లు బాగుపడితే ట్రాఫిక్ సమస్య తీరుతుంది 👏', '2026-05-16T13:28:49.257Z'::timestamp) ON CONFLICT DO NOTHING;
INSERT INTO public."Comment" ("id", "postId", "userId", "content", "createdAt") VALUES ('cmp8dtxex00a8mavtune8lu0j', 'cmp8dtxeq009mmavtdrwsucg2', 'cmp8dtxbc0006mavt3bpkbux9', 'మా షాపు ముందు రోడ్ చాలా చెడుగా ఉంది. దయచేసి త్వరగా పనులు మొదలుపెట్టండి 🙏', '2026-05-16T13:28:49.257Z'::timestamp) ON CONFLICT DO NOTHING;
INSERT INTO public."Comment" ("id", "postId", "userId", "content", "createdAt") VALUES ('cmp8dtxex00aamavt0vb3kn9l', 'cmp8dtxeq009mmavtdrwsucg2', 'cmp8dtxbj000kmavtk2a6wkka', 'అవును! మేము త్వరలో పనులు ప్రారంభిస్తాము. మీ సహకారానికి ధన్యవాదాలు! 🙏', '2026-05-16T13:28:49.258Z'::timestamp) ON CONFLICT DO NOTHING;
INSERT INTO public."Comment" ("id", "postId", "userId", "content", "createdAt") VALUES ('cmp8dtxey00acmavtnhgi5xhk', 'cmp8dtxet009wmavt4b1t2rc9', 'cmp8dtxbf000cmavt5aq9r3xj', 'నిజమే! ఆ దోశ సూపర్! 🤤 నేను కూడా వారానికి రెండుసార్లు వెళ్తాను!', '2026-05-16T13:28:49.258Z'::timestamp) ON CONFLICT DO NOTHING;
INSERT INTO public."Comment" ("id", "postId", "userId", "content", "createdAt") VALUES ('cmp8dtxey00aemavtlvem29oa', 'cmp8dtxet009wmavt4b1t2rc9', 'cmp8dtxbe000amavtmxdzjyu5', 'కిరణ్ గారు, మీ ఫుడ్ రివ్యూస్ చాలా బాగుంటాయి! 👏😊', '2026-05-16T13:28:49.259Z'::timestamp) ON CONFLICT DO NOTHING;
INSERT INTO public."Comment" ("id", "postId", "userId", "content", "createdAt") VALUES ('cmp8dtxey00agmavt259vduia', 'cmp8dtxeu00a0mavtx0j2ijk3', 'cmp8dtxbk000mmavtg6adh05f', 'మార్కెట్ ధరలు షేర్ చేయడం చాలా మంచిది! థాంక్స్ ప్రియా! 🙌', '2026-05-16T13:28:49.259Z'::timestamp) ON CONFLICT DO NOTHING;
INSERT INTO public."Comment" ("id", "postId", "userId", "content", "createdAt") VALUES ('cmp8dtxez00aimavt7hxloy8j', 'cmp8dtxew00a4mavtk5p58hrn', 'cmp8dtxbf000cmavt5aq9r3xj', 'పెసరట్టు + కాఫీ కాంబో సూపర్! నేను ఈ వారం ట్రై చేశాను ☕😋', '2026-05-16T13:28:49.259Z'::timestamp) ON CONFLICT DO NOTHING;
INSERT INTO public."Comment" ("id", "postId", "userId", "content", "createdAt") VALUES ('cmp8dtxf000akmavt1x80sygc', 'cmp8dtxeq009omavtv2z1d6yx', 'cmp8dtxbd0008mavt96zjmdxl', 'డిజిటల్ క్లాస్‌రూమ్ చాలా అవసరం. ధన్యవాదాలు సర్! 👏', '2026-05-16T13:28:49.260Z'::timestamp) ON CONFLICT DO NOTHING;

-- Table: Like
INSERT INTO public."Like" ("id", "postId", "userId", "createdAt") VALUES ('cmp8dtxf000ammavtpwxwe406', 'cmp8dtxeq009mmavtdrwsucg2', 'cmp8dtxbf000cmavt5aq9r3xj', '2026-05-16T13:28:49.261Z'::timestamp) ON CONFLICT DO NOTHING;
INSERT INTO public."Like" ("id", "postId", "userId", "createdAt") VALUES ('cmp8dtxf100aomavtfqv20swu', 'cmp8dtxeq009mmavtdrwsucg2', 'cmp8dtxbc0006mavt3bpkbux9', '2026-05-16T13:28:49.261Z'::timestamp) ON CONFLICT DO NOTHING;
INSERT INTO public."Like" ("id", "postId", "userId", "createdAt") VALUES ('cmp8dtxf100aqmavtd5vmo18q', 'cmp8dtxeq009mmavtdrwsucg2', 'cmp8dtxbd0008mavt96zjmdxl', '2026-05-16T13:28:49.261Z'::timestamp) ON CONFLICT DO NOTHING;
INSERT INTO public."Like" ("id", "postId", "userId", "createdAt") VALUES ('cmp8dtxf200asmavtjbtbazoa', 'cmp8dtxeq009mmavtdrwsucg2', 'cmp8dtxbj000kmavtk2a6wkka', '2026-05-16T13:28:49.262Z'::timestamp) ON CONFLICT DO NOTHING;
INSERT INTO public."Like" ("id", "postId", "userId", "createdAt") VALUES ('cmp8dtxf200aumavtzh7mf177', 'cmp8dtxeq009omavtv2z1d6yx', 'cmp8dtxbf000cmavt5aq9r3xj', '2026-05-16T13:28:49.262Z'::timestamp) ON CONFLICT DO NOTHING;
INSERT INTO public."Like" ("id", "postId", "userId", "createdAt") VALUES ('cmp8dtxf300awmavtqy6bwfo5', 'cmp8dtxeq009omavtv2z1d6yx', 'cmp8dtxbd0008mavt96zjmdxl', '2026-05-16T13:28:49.263Z'::timestamp) ON CONFLICT DO NOTHING;
INSERT INTO public."Like" ("id", "postId", "userId", "createdAt") VALUES ('cmp8dtxf300aymavtpihqvlyo', 'cmp8dtxer009qmavt9l4rao4h', 'cmp8dtxbf000cmavt5aq9r3xj', '2026-05-16T13:28:49.264Z'::timestamp) ON CONFLICT DO NOTHING;
INSERT INTO public."Like" ("id", "postId", "userId", "createdAt") VALUES ('cmp8dtxf300b0mavtorim6l4s', 'cmp8dtxer009qmavt9l4rao4h', 'cmp8dtxbc0006mavt3bpkbux9', '2026-05-16T13:28:49.264Z'::timestamp) ON CONFLICT DO NOTHING;
INSERT INTO public."Like" ("id", "postId", "userId", "createdAt") VALUES ('cmp8dtxf400b2mavt45eeiugh', 'cmp8dtxer009qmavt9l4rao4h', 'cmp8dtxbe000amavtmxdzjyu5', '2026-05-16T13:28:49.264Z'::timestamp) ON CONFLICT DO NOTHING;
INSERT INTO public."Like" ("id", "postId", "userId", "createdAt") VALUES ('cmp8dtxf400b4mavtbhe0qibn', 'cmp8dtxer009qmavt9l4rao4h', 'cmp8dtxbk000mmavtg6adh05f', '2026-05-16T13:28:49.265Z'::timestamp) ON CONFLICT DO NOTHING;
INSERT INTO public."Like" ("id", "postId", "userId", "createdAt") VALUES ('cmp8dtxf400b6mavt50igufus', 'cmp8dtxes009smavtbcdvhh7j', 'cmp8dtxbi000imavt8p9exy72', '2026-05-16T13:28:49.265Z'::timestamp) ON CONFLICT DO NOTHING;
INSERT INTO public."Like" ("id", "postId", "userId", "createdAt") VALUES ('cmp8dtxf500b8mavtcv03tcux', 'cmp8dtxes009smavtbcdvhh7j', 'cmp8dtxbf000cmavt5aq9r3xj', '2026-05-16T13:28:49.265Z'::timestamp) ON CONFLICT DO NOTHING;
INSERT INTO public."Like" ("id", "postId", "userId", "createdAt") VALUES ('cmp8dtxf500bamavtfgat53tf', 'cmp8dtxet009wmavt4b1t2rc9', 'cmp8dtxbf000cmavt5aq9r3xj', '2026-05-16T13:28:49.265Z'::timestamp) ON CONFLICT DO NOTHING;
INSERT INTO public."Like" ("id", "postId", "userId", "createdAt") VALUES ('cmp8dtxf500bcmavt65poxxi0', 'cmp8dtxet009wmavt4b1t2rc9', 'cmp8dtxbc0006mavt3bpkbux9', '2026-05-16T13:28:49.266Z'::timestamp) ON CONFLICT DO NOTHING;
INSERT INTO public."Like" ("id", "postId", "userId", "createdAt") VALUES ('cmp8dtxf500bemavtes4by116', 'cmp8dtxet009wmavt4b1t2rc9', 'cmp8dtxbe000amavtmxdzjyu5', '2026-05-16T13:28:49.266Z'::timestamp) ON CONFLICT DO NOTHING;
INSERT INTO public."Like" ("id", "postId", "userId", "createdAt") VALUES ('cmp8dtxf600bgmavtnk9hntai', 'cmp8dtxeu009ymavtgj559tci', 'cmp8dtxbi000imavt8p9exy72', '2026-05-16T13:28:49.266Z'::timestamp) ON CONFLICT DO NOTHING;
INSERT INTO public."Like" ("id", "postId", "userId", "createdAt") VALUES ('cmp8dtxf600bimavttqtt8ugh', 'cmp8dtxeu009ymavtgj559tci', 'cmp8dtxbf000cmavt5aq9r3xj', '2026-05-16T13:28:49.266Z'::timestamp) ON CONFLICT DO NOTHING;
INSERT INTO public."Like" ("id", "postId", "userId", "createdAt") VALUES ('cmp8dtxf600bkmavtdlq6wmct', 'cmp8dtxeu009ymavtgj559tci', 'cmp8dtxbc0006mavt3bpkbux9', '2026-05-16T13:28:49.267Z'::timestamp) ON CONFLICT DO NOTHING;
INSERT INTO public."Like" ("id", "postId", "userId", "createdAt") VALUES ('cmp8dtxf700bmmavth7v9n4oz', 'cmp8dtxeu00a0mavtx0j2ijk3', 'cmp8dtxbc0006mavt3bpkbux9', '2026-05-16T13:28:49.267Z'::timestamp) ON CONFLICT DO NOTHING;
INSERT INTO public."Like" ("id", "postId", "userId", "createdAt") VALUES ('cmp8dtxf700bomavt9eauoeoq', 'cmp8dtxeu00a0mavtx0j2ijk3', 'cmp8dtxbk000mmavtg6adh05f', '2026-05-16T13:28:49.267Z'::timestamp) ON CONFLICT DO NOTHING;
INSERT INTO public."Like" ("id", "postId", "userId", "createdAt") VALUES ('cmp8dtxf700bqmavtwaw5n5r7', 'cmp8dtxew00a4mavtk5p58hrn', 'cmp8dtxbf000cmavt5aq9r3xj', '2026-05-16T13:28:49.268Z'::timestamp) ON CONFLICT DO NOTHING;
INSERT INTO public."Like" ("id", "postId", "userId", "createdAt") VALUES ('cmp8dtxf700bsmavtu2bui54e', 'cmp8dtxew00a4mavtk5p58hrn', 'cmp8dtxbk000mmavtg6adh05f', '2026-05-16T13:28:49.268Z'::timestamp) ON CONFLICT DO NOTHING;

-- Table: Follow
INSERT INTO public."Follow" ("id", "followerId", "followingId", "createdAt") VALUES ('cmp8dtxf800bumavtrr2y04pg', 'cmp8dtxbf000cmavt5aq9r3xj', 'cmp8dtxbi000imavt8p9exy72', '2026-05-16T13:28:49.268Z'::timestamp) ON CONFLICT DO NOTHING;
INSERT INTO public."Follow" ("id", "followerId", "followingId", "createdAt") VALUES ('cmp8dtxf800bwmavt976wmhn5', 'cmp8dtxbf000cmavt5aq9r3xj', 'cmp8dtxbj000kmavtk2a6wkka', '2026-05-16T13:28:49.269Z'::timestamp) ON CONFLICT DO NOTHING;
INSERT INTO public."Follow" ("id", "followerId", "followingId", "createdAt") VALUES ('cmp8dtxf900bymavt2am15kr9', 'cmp8dtxbf000cmavt5aq9r3xj', 'cmp8dtxbk000mmavtg6adh05f', '2026-05-16T13:28:49.269Z'::timestamp) ON CONFLICT DO NOTHING;
INSERT INTO public."Follow" ("id", "followerId", "followingId", "createdAt") VALUES ('cmp8dtxf900c0mavttel6ptcy', 'cmp8dtxbf000cmavt5aq9r3xj', 'cmp8dtxba0004mavtyqcph9qw', '2026-05-16T13:28:49.269Z'::timestamp) ON CONFLICT DO NOTHING;
INSERT INTO public."Follow" ("id", "followerId", "followingId", "createdAt") VALUES ('cmp8dtxf900c2mavt8tdl0mc6', 'cmp8dtxbc0006mavt3bpkbux9', 'cmp8dtxbi000imavt8p9exy72', '2026-05-16T13:28:49.270Z'::timestamp) ON CONFLICT DO NOTHING;
INSERT INTO public."Follow" ("id", "followerId", "followingId", "createdAt") VALUES ('cmp8dtxf900c4mavt3e90tmgn', 'cmp8dtxbc0006mavt3bpkbux9', 'cmp8dtxbk000mmavtg6adh05f', '2026-05-16T13:28:49.270Z'::timestamp) ON CONFLICT DO NOTHING;
INSERT INTO public."Follow" ("id", "followerId", "followingId", "createdAt") VALUES ('cmp8dtxfa00c6mavtge9olarv', 'cmp8dtxbd0008mavt96zjmdxl', 'cmp8dtxbi000imavt8p9exy72', '2026-05-16T13:28:49.270Z'::timestamp) ON CONFLICT DO NOTHING;
INSERT INTO public."Follow" ("id", "followerId", "followingId", "createdAt") VALUES ('cmp8dtxfa00c8mavtr1is7644', 'cmp8dtxbd0008mavt96zjmdxl', 'cmp8dtxbj000kmavtk2a6wkka', '2026-05-16T13:28:49.270Z'::timestamp) ON CONFLICT DO NOTHING;
INSERT INTO public."Follow" ("id", "followerId", "followingId", "createdAt") VALUES ('cmp8dtxfa00camavtg49ek9pf', 'cmp8dtxbe000amavtmxdzjyu5', 'cmp8dtxbi000imavt8p9exy72', '2026-05-16T13:28:49.271Z'::timestamp) ON CONFLICT DO NOTHING;
INSERT INTO public."Follow" ("id", "followerId", "followingId", "createdAt") VALUES ('cmp8dtxfa00ccmavt3wscmcvp', 'cmp8dtxbe000amavtmxdzjyu5', 'cmp8dtxbk000mmavtg6adh05f', '2026-05-16T13:28:49.271Z'::timestamp) ON CONFLICT DO NOTHING;
INSERT INTO public."Follow" ("id", "followerId", "followingId", "createdAt") VALUES ('cmp8dtxfb00cemavtn3yu9ez7', 'cmp8dtxbk000mmavtg6adh05f', 'cmp8dtxbi000imavt8p9exy72', '2026-05-16T13:28:49.271Z'::timestamp) ON CONFLICT DO NOTHING;
INSERT INTO public."Follow" ("id", "followerId", "followingId", "createdAt") VALUES ('cmp8dtxfb00cgmavtxly13xyq', 'cmp8dtxbk000mmavtg6adh05f', 'cmp8dtxbj000kmavtk2a6wkka', '2026-05-16T13:28:49.271Z'::timestamp) ON CONFLICT DO NOTHING;
INSERT INTO public."Follow" ("id", "followerId", "followingId", "createdAt") VALUES ('cmp8dtxfb00cimavtdq2gfmqx', 'cmp8dtxbi000imavt8p9exy72', 'cmp8dtxbj000kmavtk2a6wkka', '2026-05-16T13:28:49.271Z'::timestamp) ON CONFLICT DO NOTHING;
INSERT INTO public."Follow" ("id", "followerId", "followingId", "createdAt") VALUES ('cmp8dtxfb00ckmavtczjsrmpt', 'cmp8dtxbj000kmavtk2a6wkka', 'cmp8dtxbi000imavt8p9exy72', '2026-05-16T13:28:49.272Z'::timestamp) ON CONFLICT DO NOTHING;
INSERT INTO public."Follow" ("id", "followerId", "followingId", "createdAt") VALUES ('cmp8dtxfb00cmmavtcd0swjgz', 'cmp8dtxbj000kmavtk2a6wkka', 'cmp8dtxbk000mmavtg6adh05f', '2026-05-16T13:28:49.272Z'::timestamp) ON CONFLICT DO NOTHING;

-- Table: Short
INSERT INTO public."Short" ("id", "userId", "cityId", "title", "youtubeVideoId", "thumbnailUrl", "viewsCount", "likesCount", "commentsCount", "category", "linkedListingId", "isPinned", "isPromoted", "isApproved", "createdAt", "updatedAt") VALUES ('cmp8dtxe1007pmavtnantwcnr', 'cmp8dtxbk000mmavtg6adh05f', 'cmp8dtxb70000mavt7q4w47pi', 'చౌటుప్పల్ జాతర వైభవం! 🎊', 'dQw4w9WgXcQ', 'https://images.unsplash.com/photo-1544829099-b9a0c07fad1a?w=400', 15200, 1200, 89, 'NEWS', NULL, TRUE, FALSE, TRUE, '2026-05-16T13:28:49.226Z'::timestamp, '2026-05-16T13:28:49.226Z'::timestamp) ON CONFLICT DO NOTHING;
INSERT INTO public."Short" ("id", "userId", "cityId", "title", "youtubeVideoId", "thumbnailUrl", "viewsCount", "likesCount", "commentsCount", "category", "linkedListingId", "isPinned", "isPromoted", "isApproved", "createdAt", "updatedAt") VALUES ('cmp8dtxe2007rmavtn18px3ct', 'cmp8dtxbc0006mavt3bpkbux9', 'cmp8dtxb70000mavt7q4w47pi', 'Sri Venkateswara Tiffin - Best Dosa in Town! 🍽️', 'dQw4w9WgXcQ', 'https://images.unsplash.com/photo-1630383249896-424e482df921?w=400', 8500, 670, 45, 'PROMOTION', 'cmp8dtxbl000omavt6c3junab', FALSE, FALSE, TRUE, '2026-05-16T13:28:49.227Z'::timestamp, '2026-05-16T13:28:49.227Z'::timestamp) ON CONFLICT DO NOTHING;
INSERT INTO public."Short" ("id", "userId", "cityId", "title", "youtubeVideoId", "thumbnailUrl", "viewsCount", "likesCount", "commentsCount", "category", "linkedListingId", "isPinned", "isPromoted", "isApproved", "createdAt", "updatedAt") VALUES ('cmp8dtxe3007tmavtx6ryc9sk', 'cmp8dtxbe000amavtmxdzjyu5', 'cmp8dtxb70000mavt7q4w47pi', 'Bridal Makeup Tutorial - Lakshmi Salon 💄', 'dQw4w9WgXcQ', 'https://images.unsplash.com/photo-1560066984-138dadb4c035?w=400', 12300, 980, 67, 'PROMOTION', 'cmp8dtxbn000smavtia4m6tds', FALSE, FALSE, TRUE, '2026-05-16T13:28:49.227Z'::timestamp, '2026-05-16T13:28:49.227Z'::timestamp) ON CONFLICT DO NOTHING;
INSERT INTO public."Short" ("id", "userId", "cityId", "title", "youtubeVideoId", "thumbnailUrl", "viewsCount", "likesCount", "commentsCount", "category", "linkedListingId", "isPinned", "isPromoted", "isApproved", "createdAt", "updatedAt") VALUES ('cmp8dtxe4007vmavtx78orey7', 'cmp8dtxbf000cmavt5aq9r3xj', 'cmp8dtxb70000mavt7q4w47pi', 'Choutuppal Market Walkthrough 🛍️', 'dQw4w9WgXcQ', 'https://images.unsplash.com/photo-1555396273-367ea4eb4db5?w=400', 4200, 340, 28, 'GENERAL', NULL, FALSE, FALSE, TRUE, '2026-05-16T13:28:49.228Z'::timestamp, '2026-05-16T13:28:49.228Z'::timestamp) ON CONFLICT DO NOTHING;
INSERT INTO public."Short" ("id", "userId", "cityId", "title", "youtubeVideoId", "thumbnailUrl", "viewsCount", "likesCount", "commentsCount", "category", "linkedListingId", "isPinned", "isPromoted", "isApproved", "createdAt", "updatedAt") VALUES ('cmp8dtxe4007xmavt2bok7z1p', 'cmp8dtxbi000imavt8p9exy72', 'cmp8dtxb70000mavt7q4w47pi', 'చౌటుప్పల్ అభివృద్ధి - కొత్త రోడ్లు 🛣️', 'dQw4w9WgXcQ', NULL, 9800, 450, 56, 'NEWS', NULL, FALSE, TRUE, TRUE, '2026-05-16T13:28:49.229Z'::timestamp, '2026-05-16T13:28:49.229Z'::timestamp) ON CONFLICT DO NOTHING;
INSERT INTO public."Short" ("id", "userId", "cityId", "title", "youtubeVideoId", "thumbnailUrl", "viewsCount", "likesCount", "commentsCount", "category", "linkedListingId", "isPinned", "isPromoted", "isApproved", "createdAt", "updatedAt") VALUES ('cmp8dtxe5007zmavtwr670by6', 'cmp8dtxbd0008mavt96zjmdxl', 'cmp8dtxb70000mavt7q4w47pi', 'New Plot Near Highway - Starting ₹10L! 🏠', 'dQw4w9WgXcQ', 'https://images.unsplash.com/photo-1560518883-ce09059eeffa?w=400', 6700, 230, 34, 'PROMOTION', 'cmp8dtxbo000wmavt0ppy0hfr', FALSE, FALSE, TRUE, '2026-05-16T13:28:49.230Z'::timestamp, '2026-05-16T13:28:49.230Z'::timestamp) ON CONFLICT DO NOTHING;

-- Table: VideoPlaylist
INSERT INTO public."VideoPlaylist" ("id", "categoryId", "title", "description", "thumbnailUrl", "creatorId", "isPremium", "isFeatured", "isApproved", "sortOrder", "createdAt", "updatedAt") VALUES ('cmp8dtxe90086mavtkhpz4ntf', 'cmp8dtxe60080mavtpemo6evg', '10th Class Maths - Complete Course', 'పదవ తరగతి గణితం - పూర్తి కోర్సు. అన్ని అధ్యాయాలు వివరణాత్మకంగా.', 'https://images.unsplash.com/photo-1503676260728-1c00da094a0b?w=800', 'cmp8dtxba0004mavtyqcph9qw', FALSE, TRUE, TRUE, 1, '2026-05-16T13:28:49.233Z'::timestamp, '2026-05-16T13:28:49.233Z'::timestamp) ON CONFLICT DO NOTHING;
INSERT INTO public."VideoPlaylist" ("id", "categoryId", "title", "description", "thumbnailUrl", "creatorId", "isPremium", "isFeatured", "isApproved", "sortOrder", "createdAt", "updatedAt") VALUES ('cmp8dtxe90088mavtcqj6hywq', 'cmp8dtxe70082mavtzdb8xqj4', 'Bank Exams Preparation - IBPS & SBI', 'బ్యాంక్ పరీక్షల కోసం సమగ్ర తయారీ. Reasoning, Aptitude, English, GK.', 'https://images.unsplash.com/photo-1434030216411-0b793f4b4173?w=800', 'cmp8dtxba0004mavtyqcph9qw', TRUE, TRUE, TRUE, 1, '2026-05-16T13:28:49.234Z'::timestamp, '2026-05-16T13:28:49.234Z'::timestamp) ON CONFLICT DO NOTHING;
INSERT INTO public."VideoPlaylist" ("id", "categoryId", "title", "description", "thumbnailUrl", "creatorId", "isPremium", "isFeatured", "isApproved", "sortOrder", "createdAt", "updatedAt") VALUES ('cmp8dtxea008amavtja8zwufx', 'cmp8dtxe60081mavt65tcq8wq', 'Carpentry Skills - Learn Woodworking', 'వడ్రంగి నైపుణ్యాలు - కలప పని నేర్చుకోండి. Step by step tutorials.', 'https://images.unsplash.com/photo-1581783898377-1c85bf937427?w=800', 'cmp8dtxbg000emavt8x32dre7', FALSE, FALSE, TRUE, 1, '2026-05-16T13:28:49.235Z'::timestamp, '2026-05-16T13:28:49.235Z'::timestamp) ON CONFLICT DO NOTHING;
INSERT INTO public."VideoPlaylist" ("id", "categoryId", "title", "description", "thumbnailUrl", "creatorId", "isPremium", "isFeatured", "isApproved", "sortOrder", "createdAt", "updatedAt") VALUES ('cmp8dtxeb008cmavtm2t3wgvc', 'cmp8dtxe80084mavtyqy0apz8', 'Health & Wellness Tips - Telugu', 'ఆరోగ్య చిట్కాలు - తెలుగులో. Daily health tips for a better life.', 'https://images.unsplash.com/photo-1505751172876-fa1923c5c528?w=800', 'cmp8dtxba0004mavtyqcph9qw', FALSE, TRUE, TRUE, 1, '2026-05-16T13:28:49.235Z'::timestamp, '2026-05-16T13:28:49.235Z'::timestamp) ON CONFLICT DO NOTHING;
INSERT INTO public."VideoPlaylist" ("id", "categoryId", "title", "description", "thumbnailUrl", "creatorId", "isPremium", "isFeatured", "isApproved", "sortOrder", "createdAt", "updatedAt") VALUES ('cmp8dtxeb008emavtb6w8rlmf', 'cmp8dtxe80083mavtcj4spyx3', 'Choutuppal Jatara 2025 - Full Coverage', 'చౌటుప్పల్ జాతర 2025 - పూర్తి కవరేజ్. Cultural programs and highlights.', 'https://images.unsplash.com/photo-1544829099-b9a0c07fad1a?w=800', 'cmp8dtxbk000mmavtg6adh05f', FALSE, TRUE, TRUE, 1, '2026-05-16T13:28:49.236Z'::timestamp, '2026-05-16T13:28:49.236Z'::timestamp) ON CONFLICT DO NOTHING;

-- Table: LongVideo
INSERT INTO public."LongVideo" ("id", "playlistId", "title", "description", "youtubeVideoId", "thumbnailUrl", "duration", "viewsCount", "likesCount", "isPublished", "sortOrder", "createdAt", "updatedAt") VALUES ('cmp8dtxec008gmavt186iftpc', 'cmp8dtxe90086mavtkhpz4ntf', 'Chapter 1 - Real Numbers | వాస్తవ సంఖ్యలు', 'Introduction to Real Numbers - Euclid''s Division Lemma, Fundamental Theorem of Arithmetic', 'dQw4w9WgXcQ', 'https://images.unsplash.com/photo-1635070041078-e363dbe005cb?w=400', '45:20', 12500, 890, TRUE, 1, '2026-05-16T13:28:49.237Z'::timestamp, '2026-05-16T13:28:49.237Z'::timestamp) ON CONFLICT DO NOTHING;
INSERT INTO public."LongVideo" ("id", "playlistId", "title", "description", "youtubeVideoId", "thumbnailUrl", "duration", "viewsCount", "likesCount", "isPublished", "sortOrder", "createdAt", "updatedAt") VALUES ('cmp8dtxed008imavtpdlxgsz3', 'cmp8dtxe90086mavtkhpz4ntf', 'Chapter 2 - Polynomials | బహుపదులు', 'Polynomials - Zeros, relationship between zeros and coefficients', 'dQw4w9WgXcQ', 'https://images.unsplash.com/photo-1596495577886-d920f1fb7238?w=400', '38:15', 9800, 670, TRUE, 2, '2026-05-16T13:28:49.237Z'::timestamp, '2026-05-16T13:28:49.237Z'::timestamp) ON CONFLICT DO NOTHING;
INSERT INTO public."LongVideo" ("id", "playlistId", "title", "description", "youtubeVideoId", "thumbnailUrl", "duration", "viewsCount", "likesCount", "isPublished", "sortOrder", "createdAt", "updatedAt") VALUES ('cmp8dtxee008kmavt5msuezg2', 'cmp8dtxe90086mavtkhpz4ntf', 'Chapter 3 - Pair of Linear Equations | రేఖీయ సమీకరణాల జత', 'Pair of Linear Equations in Two Variables - Graphical and Algebraic methods', 'dQw4w9WgXcQ', 'https://images.unsplash.com/photo-1509228468518-180dd4864904?w=400', '52:30', 8700, 560, TRUE, 3, '2026-05-16T13:28:49.238Z'::timestamp, '2026-05-16T13:28:49.238Z'::timestamp) ON CONFLICT DO NOTHING;
INSERT INTO public."LongVideo" ("id", "playlistId", "title", "description", "youtubeVideoId", "thumbnailUrl", "duration", "viewsCount", "likesCount", "isPublished", "sortOrder", "createdAt", "updatedAt") VALUES ('cmp8dtxee008mmavtmgk4e56o', 'cmp8dtxe90088mavtcqj6hywq', 'Reasoning - Syllogism Tricks | తార్కిక నిర్ధారణ', 'Master syllogism with easy tricks and shortcuts for bank exams', 'dQw4w9WgXcQ', 'https://images.unsplash.com/photo-1434030216411-0b793f4b4173?w=400', '1:05:00', 25000, 2100, TRUE, 1, '2026-05-16T13:28:49.239Z'::timestamp, '2026-05-16T13:28:49.239Z'::timestamp) ON CONFLICT DO NOTHING;
INSERT INTO public."LongVideo" ("id", "playlistId", "title", "description", "youtubeVideoId", "thumbnailUrl", "duration", "viewsCount", "likesCount", "isPublished", "sortOrder", "createdAt", "updatedAt") VALUES ('cmp8dtxef008omavtp3snua0m', 'cmp8dtxe90088mavtcqj6hywq', 'Aptitude - Speed, Time & Distance | వేగం, సమయం & దూరం', 'Complete coverage of Speed, Time & Distance problems with shortcuts', 'dQw4w9WgXcQ', 'https://images.unsplash.com/photo-1596495578054-02a5e4f58e2f?w=400', '58:45', 18300, 1560, TRUE, 2, '2026-05-16T13:28:49.239Z'::timestamp, '2026-05-16T13:28:49.239Z'::timestamp) ON CONFLICT DO NOTHING;
INSERT INTO public."LongVideo" ("id", "playlistId", "title", "description", "youtubeVideoId", "thumbnailUrl", "duration", "viewsCount", "likesCount", "isPublished", "sortOrder", "createdAt", "updatedAt") VALUES ('cmp8dtxef008qmavtmvalhuke', 'cmp8dtxea008amavtja8zwufx', 'Introduction to Carpentry Tools | వడ్రంగి పనిముట్లు', 'Learn about essential carpentry tools and their uses', 'dQw4w9WgXcQ', 'https://images.unsplash.com/photo-1581783898377-1c85bf937427?w=400', '25:10', 5600, 340, TRUE, 1, '2026-05-16T13:28:49.240Z'::timestamp, '2026-05-16T13:28:49.240Z'::timestamp) ON CONFLICT DO NOTHING;
INSERT INTO public."LongVideo" ("id", "playlistId", "title", "description", "youtubeVideoId", "thumbnailUrl", "duration", "viewsCount", "likesCount", "isPublished", "sortOrder", "createdAt", "updatedAt") VALUES ('cmp8dtxeg008smavt4pw66itw', 'cmp8dtxea008amavtja8zwufx', 'Making a Wooden Chair - Step by Step', 'Complete tutorial on making a wooden chair from scratch', 'dQw4w9WgXcQ', 'https://images.unsplash.com/photo-1555041469-a586c61ea9bc?w=400', '42:30', 4100, 280, TRUE, 2, '2026-05-16T13:28:49.241Z'::timestamp, '2026-05-16T13:28:49.241Z'::timestamp) ON CONFLICT DO NOTHING;
INSERT INTO public."LongVideo" ("id", "playlistId", "title", "description", "youtubeVideoId", "thumbnailUrl", "duration", "viewsCount", "likesCount", "isPublished", "sortOrder", "createdAt", "updatedAt") VALUES ('cmp8dtxeh008umavt9kemlsgt', 'cmp8dtxeb008cmavtm2t3wgvc', 'ఉదయం నడక ప్రయోజనాలు | Benefits of Morning Walk', 'రోజు ఉదయం నడక వల్ల కలిగే 10 ప్రయోజనాలు', 'dQw4w9WgXcQ', 'https://images.unsplash.com/photo-1505751172876-fa1923c5c528?w=400', '12:45', 32000, 4500, TRUE, 1, '2026-05-16T13:28:49.241Z'::timestamp, '2026-05-16T13:28:49.241Z'::timestamp) ON CONFLICT DO NOTHING;
INSERT INTO public."LongVideo" ("id", "playlistId", "title", "description", "youtubeVideoId", "thumbnailUrl", "duration", "viewsCount", "likesCount", "isPublished", "sortOrder", "createdAt", "updatedAt") VALUES ('cmp8dtxeh008wmavtlq7jjrgh', 'cmp8dtxeb008cmavtm2t3wgvc', 'మధుమేహం నియంత్రణ - ఆహార చిట్కాలు | Diabetes Diet Tips', 'మధుమేహ నియంత్రణకు ఆహార సలహాలు మరియు చిట్కాలు', 'dQw4w9WgXcQ', 'https://images.unsplash.com/photo-1576091160399-112ba8d25d1d?w=400', '18:20', 28500, 3800, TRUE, 2, '2026-05-16T13:28:49.242Z'::timestamp, '2026-05-16T13:28:49.242Z'::timestamp) ON CONFLICT DO NOTHING;
INSERT INTO public."LongVideo" ("id", "playlistId", "title", "description", "youtubeVideoId", "thumbnailUrl", "duration", "viewsCount", "likesCount", "isPublished", "sortOrder", "createdAt", "updatedAt") VALUES ('cmp8dtxei008ymavt8uvudxum', 'cmp8dtxeb008emavtb6w8rlmf', 'Choutuppal Jatara 2025 - Day 1 Highlights', 'చౌటుప్పల్ జాతర 2025 - మొదటి రోజు ముఖ్యాంశాలు', 'dQw4w9WgXcQ', 'https://images.unsplash.com/photo-1544829099-b9a0c07fad1a?w=400', '15:30', 45000, 6700, TRUE, 1, '2026-05-16T13:28:49.242Z'::timestamp, '2026-05-16T13:28:49.242Z'::timestamp) ON CONFLICT DO NOTHING;
INSERT INTO public."LongVideo" ("id", "playlistId", "title", "description", "youtubeVideoId", "thumbnailUrl", "duration", "viewsCount", "likesCount", "isPublished", "sortOrder", "createdAt", "updatedAt") VALUES ('cmp8dtxej0090mavtaldicwgy', 'cmp8dtxeb008emavtb6w8rlmf', 'Jatara Cultural Programs - Traditional Dance', 'జాతర సాంస్కృతిక కార్యక్రమాలు - సంప్రదాయ నృత్యం', 'dQw4w9WgXcQ', 'https://images.unsplash.com/photo-1544829099-b9a0c07fad1a?w=400', '22:15', 38000, 5400, TRUE, 2, '2026-05-16T13:28:49.243Z'::timestamp, '2026-05-16T13:28:49.243Z'::timestamp) ON CONFLICT DO NOTHING;
