-- Remaining seed data restore

-- Table: MusicLibrary
INSERT INTO public."MusicLibrary" ("id", "name", "artist", "audioUrl", "genre", "duration", "isActive", "createdAt") VALUES ('cmp8dtxbw001jmavtiezbj4cp', 'Telugu Folk Beat', 'Royalty Free', 'https://www.soundhelix.com/examples/mp3/SoundHelix-Song-1.mp3', 'Telugu', 30, TRUE, '2026-05-16T13:28:49.149Z'::timestamp) ON CONFLICT DO NOTHING;
INSERT INTO public."MusicLibrary" ("id", "name", "artist", "audioUrl", "genre", "duration", "isActive", "createdAt") VALUES ('cmp8dtxbx001kmavthhmwtg4b', 'Celebration Lo-Fi', 'Royalty Free', 'https://www.soundhelix.com/examples/mp3/SoundHelix-Song-2.mp3', 'Celebration', 25, TRUE, '2026-05-16T13:28:49.149Z'::timestamp) ON CONFLICT DO NOTHING;
INSERT INTO public."MusicLibrary" ("id", "name", "artist", "audioUrl", "genre", "duration", "isActive", "createdAt") VALUES ('cmp8dtxbx001lmavt8dmd0nqo', 'Traditional Drums', 'Royalty Free', 'https://www.soundhelix.com/examples/mp3/SoundHelix-Song-3.mp3', 'Traditional', 20, TRUE, '2026-05-16T13:28:49.150Z'::timestamp) ON CONFLICT DO NOTHING;
INSERT INTO public."MusicLibrary" ("id", "name", "artist", "audioUrl", "genre", "duration", "isActive", "createdAt") VALUES ('cmp8dtxby001mmavtm4xja8nf', 'Festive Melody', 'Royalty Free', 'https://www.soundhelix.com/examples/mp3/SoundHelix-Song-4.mp3', 'Telugu', 28, TRUE, '2026-05-16T13:28:49.150Z'::timestamp) ON CONFLICT DO NOTHING;
INSERT INTO public."MusicLibrary" ("id", "name", "artist", "audioUrl", "genre", "duration", "isActive", "createdAt") VALUES ('cmp8dtxby001nmavt3vm0gphx', 'Chill Vibes Telugu', 'Royalty Free', 'https://www.soundhelix.com/examples/mp3/SoundHelix-Song-5.mp3', 'Lo-Fi', 22, TRUE, '2026-05-16T13:28:49.150Z'::timestamp) ON CONFLICT DO NOTHING;
INSERT INTO public."MusicLibrary" ("id", "name", "artist", "audioUrl", "genre", "duration", "isActive", "createdAt") VALUES ('cmp8dtxbz001omavt393gp8qw', 'Devotional Flute', 'Royalty Free', 'https://www.soundhelix.com/examples/mp3/SoundHelix-Song-6.mp3', 'Devotional', 30, TRUE, '2026-05-16T13:28:49.151Z'::timestamp) ON CONFLICT DO NOTHING;

-- Table: VideoCategory
INSERT INTO public."VideoCategory" ("id", "name", "slug", "iconUrl", "sortOrder", "isActive", "createdAt") VALUES ('cmp8dtxe60080mavtpemo6evg', 'Education', 'education', NULL, 1, TRUE, '2026-05-16T13:28:49.230Z'::timestamp) ON CONFLICT DO NOTHING;
INSERT INTO public."VideoCategory" ("id", "name", "slug", "iconUrl", "sortOrder", "isActive", "createdAt") VALUES ('cmp8dtxe60081mavt65tcq8wq', 'Skill Development', 'skill-development', NULL, 2, TRUE, '2026-05-16T13:28:49.231Z'::timestamp) ON CONFLICT DO NOTHING;
INSERT INTO public."VideoCategory" ("id", "name", "slug", "iconUrl", "sortOrder", "isActive", "createdAt") VALUES ('cmp8dtxe70082mavtzdb8xqj4', 'Government Jobs', 'government-jobs', NULL, 3, TRUE, '2026-05-16T13:28:49.231Z'::timestamp) ON CONFLICT DO NOTHING;
INSERT INTO public."VideoCategory" ("id", "name", "slug", "iconUrl", "sortOrder", "isActive", "createdAt") VALUES ('cmp8dtxe80083mavtcj4spyx3', 'Local Events', 'local-events', NULL, 4, TRUE, '2026-05-16T13:28:49.232Z'::timestamp) ON CONFLICT DO NOTHING;
INSERT INTO public."VideoCategory" ("id", "name", "slug", "iconUrl", "sortOrder", "isActive", "createdAt") VALUES ('cmp8dtxe80084mavtyqy0apz8', 'Health Tips', 'health-tips', NULL, 5, TRUE, '2026-05-16T13:28:49.233Z'::timestamp) ON CONFLICT DO NOTHING;

-- Table: SiteSetting
INSERT INTO public."SiteSetting" ("id", "logoUrl", "affiliateBaseUrl", "heroHeadline", "heroDescription", "heroImageUrl", "primaryColor", "accentColor", "metaTitle", "metaDescription", "ogImageUrl", "whatsappSupportNumber", "whatsappCommunityLink", "whatsappChannelLink", "contactName", "contactAddress", "contactPhone", "createdAt", "updatedAt") VALUES ('cmp8dtxce0031mavtc1ylolf9', '/logo.png', 'https://choutuppal.com', 'Discover Choutuppal — Your Town, One App', 'Find the best local businesses, services, real estate, news, and more — all in one super app built for Choutuppal.', NULL, '#D4AF37', '#4169E1', NULL, NULL, NULL, '919912353705', '', '', 'Mosin Md', 'Choutuppal, Yadadri, Telangana-508252', '9912353705', '2026-05-16T13:28:49.167Z'::timestamp, '2026-05-16T13:28:49.167Z'::timestamp) ON CONFLICT DO NOTHING;

-- Table: SpinPrize
INSERT INTO public."SpinPrize" ("id", "label", "prizeType", "prizeValue", "probability", "color", "isActive") VALUES ('cmp8dtxcb002tmavt2n6cp92s', '50 Coins', 'coins', 50, 0.2, '#D4AF37', TRUE) ON CONFLICT DO NOTHING;
INSERT INTO public."SpinPrize" ("id", "label", "prizeType", "prizeValue", "probability", "color", "isActive") VALUES ('cmp8dtxcb002umavtgxjylf3z', '100 Coins', 'coins', 100, 0.15, '#E8C547', TRUE) ON CONFLICT DO NOTHING;
INSERT INTO public."SpinPrize" ("id", "label", "prizeType", "prizeValue", "probability", "color", "isActive") VALUES ('cmp8dtxcc002vmavttbiz7ncd', '₹50 Discount', 'discount', 50, 0.1, '#4CAF50', TRUE) ON CONFLICT DO NOTHING;
INSERT INTO public."SpinPrize" ("id", "label", "prizeType", "prizeValue", "probability", "color", "isActive") VALUES ('cmp8dtxcc002wmavtl92d3e2e', 'Free Listing Day', 'free_listing', 1, 0.05, '#FF6B6B', TRUE) ON CONFLICT DO NOTHING;
INSERT INTO public."SpinPrize" ("id", "label", "prizeType", "prizeValue", "probability", "color", "isActive") VALUES ('cmp8dtxcd002xmavtxahmrfte', '200 Coins', 'coins', 200, 0.08, '#FFD700', TRUE) ON CONFLICT DO NOTHING;
INSERT INTO public."SpinPrize" ("id", "label", "prizeType", "prizeValue", "probability", "color", "isActive") VALUES ('cmp8dtxcd002ymavti3isdbbw', '₹100 Discount', 'discount', 100, 0.07, '#2196F3', TRUE) ON CONFLICT DO NOTHING;
INSERT INTO public."SpinPrize" ("id", "label", "prizeType", "prizeValue", "probability", "color", "isActive") VALUES ('cmp8dtxce002zmavt2uyo8gem', '10 Coins', 'coins', 10, 0.25, '#FF9800', TRUE) ON CONFLICT DO NOTHING;
INSERT INTO public."SpinPrize" ("id", "label", "prizeType", "prizeValue", "probability", "color", "isActive") VALUES ('cmp8dtxce0030mavt8r5f2dzy', 'Try Again', 'none', 0, 0.1, '#9E9E9E', TRUE) ON CONFLICT DO NOTHING;

-- Table: Announcement
INSERT INTO public."Announcement" ("id", "text", "isActive", "createdAt") VALUES ('cmp8dtxch0038mavtk1gbopao', '🚨 చౌటుప్పల్ సూపర్ యాప్ డౌన్‌లోడ్ చేసుకోండి! మీ షాప్ ని ఉచితంగా లిస్ట్ చేయండి!', TRUE, '2026-05-16T13:28:49.170Z'::timestamp) ON CONFLICT DO NOTHING;
INSERT INTO public."Announcement" ("id", "text", "isActive", "createdAt") VALUES ('cmp8dtxch0039mavtb7fqm295', '🎉 రమేష్ మెడికల్స్ పై 20% డిస్కౌంట్ - ఇప్పుడే ఆర్డర్ చేయండి!', TRUE, '2026-05-16T13:28:49.170Z'::timestamp) ON CONFLICT DO NOTHING;
INSERT INTO public."Announcement" ("id", "text", "isActive", "createdAt") VALUES ('cmp8dtxci003amavtva07lnmn', '📱 చౌటుప్పల్ లో అన్ని షాపులు, రియల్ ఎస్టేట్, వార్తలు ఒకే యాప్‌లో!', TRUE, '2026-05-16T13:28:49.170Z'::timestamp) ON CONFLICT DO NOTHING;

-- Table: BannerAd
INSERT INTO public."BannerAd" ("id", "title", "imageUrl", "shopName", "offerText", "linkUrl", "cityId", "isActive", "createdAt") VALUES ('cmp8dtxcf0033mavtm5c26l7p', 'List Your Business Free — Reach 50,000+ Choutuppal Users!', NULL, 'Choutuppal Super App', 'ఉచితంగా లిస్ట్ చేయండి!', '/business/signup', 'cmp8dtxb70000mavt7q4w47pi', TRUE, '2026-05-16T13:28:49.168Z'::timestamp) ON CONFLICT DO NOTHING;
INSERT INTO public."BannerAd" ("id", "title", "imageUrl", "shopName", "offerText", "linkUrl", "cityId", "isActive", "createdAt") VALUES ('cmp8dtxcg0035mavtm1zoakjd', 'Premium Listings Get 3x More Enquiries — Upgrade Now!', NULL, 'Choutuppal Premium', '3x ఎక్కువ ఎంక్వైరీలు!', '/premium', 'cmp8dtxb70000mavt7q4w47pi', TRUE, '2026-05-16T13:28:49.168Z'::timestamp) ON CONFLICT DO NOTHING;
INSERT INTO public."BannerAd" ("id", "title", "imageUrl", "shopName", "offerText", "linkUrl", "cityId", "isActive", "createdAt") VALUES ('cmp8dtxcg0037mavt5owucapv', 'Spin & Win Daily Coins — Redeem for Discounts & Free Listings', NULL, 'Daily Spin Wheel', 'రోజూ కాయిన్స్ గెలుచ్చి!', '/spin', 'cmp8dtxb70000mavt7q4w47pi', TRUE, '2026-05-16T13:28:49.169Z'::timestamp) ON CONFLICT DO NOTHING;

-- Table: Listing
INSERT INTO public."Listing" ("id", "userId", "cityId", "slug", "name", "category", "description", "services", "images", "whatsappNumber", "address", "latitude", "longitude", "isApproved", "isPremium", "isFeatured", "viewsCount", "operatingHours", "qrCodeUrl", "referredByAgentId", "createdAt", "updatedAt") VALUES ('cmp8dtxbl000omavt6c3junab', 'cmp8dtxbc0006mavt3bpkbux9', 'cmp8dtxb70000mavt7q4w47pi', 'sri-venkateswara-tiffin-center', 'Sri Venkateswara Tiffin Center', 'tiffin', 'Famous for authentic South Indian tiffin items. Serving crispy dosas, fluffy idlis, and piping hot vadas since 2005. A must-visit breakfast spot in Choutuppal town center.', '[{"name":"Masala Dosa","price":"₹60"},{"name":"Idli Sambar (2 pcs)","price":"₹40"},{"name":"Vada Sambar (2 pcs)","price":"₹50"},{"name":"Upma","price":"₹35"},{"name":"Pesarattu","price":"₹55"},{"name":"Filter Coffee","price":"₹20"}]', '["https://images.unsplash.com/photo-1630383249896-424e482df921?w=800","https://images.unsplash.com/photo-1567188040759-fb8a883dc6d8?w=800","https://images.unsplash.com/photo-1589302168068-964664d93dc0?w=800"]', '918888888881', 'Main Road, Near Bus Stand, Choutuppal, Telangana 508252', 17.2985, 78.9256, TRUE, FALSE, TRUE, 1240, '6:00 AM - 10:00 PM', NULL, NULL, '2026-05-16T13:28:49.137Z'::timestamp, '2026-05-16T13:28:49.137Z'::timestamp) ON CONFLICT DO NOTHING;
INSERT INTO public."Listing" ("id", "userId", "cityId", "slug", "name", "category", "description", "services", "images", "whatsappNumber", "address", "latitude", "longitude", "isApproved", "isPremium", "isFeatured", "viewsCount", "operatingHours", "qrCodeUrl", "referredByAgentId", "createdAt", "updatedAt") VALUES ('cmp8dtxbm000qmavt1koijuim', 'cmp8dtxbd0008mavt96zjmdxl', 'cmp8dtxb70000mavt7q4w47pi', 'city-medical-store', 'City Medical Store', 'medical', 'Your trusted neighborhood pharmacy offering a wide range of medicines, health products, and medical supplies. Open late with home delivery available within Choutuppal.', '[{"name":"Prescription Medicines","price":"Variable"},{"name":"OTC Medicines","price":"₹50+"},{"name":"First Aid Kit","price":"₹250"},{"name":"Health Checkup (BP, Sugar)","price":"₹100"},{"name":"Home Delivery","price":"Free"}]', '["https://images.unsplash.com/photo-1576602976047-174e57a47881?w=800","https://images.unsplash.com/photo-1585435557343-3b092031a831?w=800"]', '918888888882', 'Market Center, Choutuppal, Telangana 508252', 17.2992, 78.9261, TRUE, FALSE, TRUE, 980, '8:00 AM - 11:00 PM', NULL, NULL, '2026-05-16T13:28:49.138Z'::timestamp, '2026-05-16T13:28:49.138Z'::timestamp) ON CONFLICT DO NOTHING;
INSERT INTO public."Listing" ("id", "userId", "cityId", "slug", "name", "category", "description", "services", "images", "whatsappNumber", "address", "latitude", "longitude", "isApproved", "isPremium", "isFeatured", "viewsCount", "operatingHours", "qrCodeUrl", "referredByAgentId", "createdAt", "updatedAt") VALUES ('cmp8dtxbn000smavtia4m6tds', 'cmp8dtxbe000amavtmxdzjyu5', 'cmp8dtxb70000mavt7q4w47pi', 'lakshmi-beauty-salon', 'Lakshmi Beauty Salon', 'salon', 'Premium beauty salon offering hair styling, facials, bridal makeup, and beauty treatments. Expert stylists with modern equipment. Walk-ins and appointments welcome.', '[{"name":"Haircut (Women)","price":"₹200"},{"name":"Facial","price":"₹350"},{"name":"Bridal Makeup","price":"₹5000"},{"name":"Hair Coloring","price":"₹800"},{"name":"Manicure & Pedicure","price":"₹500"},{"name":"Waxing (Full)","price":"₹600"},{"name":"Eyebrow Threading","price":"₹50"}]', '["https://images.unsplash.com/photo-1560066984-138dadb4c035?w=800","https://images.unsplash.com/photo-1522337360788-8b13dee7a37e?w=800","https://images.unsplash.com/photo-1595476108010-b4d1f102b1b1?w=800"]', '918888888883', 'Temple Road, Near Hanuman Temple, Choutuppal, Telangana 508252', 17.2978, 78.9245, TRUE, TRUE, FALSE, 2100, '9:00 AM - 8:00 PM', NULL, NULL, '2026-05-16T13:28:49.139Z'::timestamp, '2026-05-16T13:28:49.139Z'::timestamp) ON CONFLICT DO NOTHING;
INSERT INTO public."Listing" ("id", "userId", "cityId", "slug", "name", "category", "description", "services", "images", "whatsappNumber", "address", "latitude", "longitude", "isApproved", "isPremium", "isFeatured", "viewsCount", "operatingHours", "qrCodeUrl", "referredByAgentId", "createdAt", "updatedAt") VALUES ('cmp8dtxbn000umavtkbgz1jcx', 'cmp8dtxbc0006mavt3bpkbux9', 'cmp8dtxb70000mavt7q4w47pi', 'raju-plumbing-services', 'Raju Plumbing Services', 'plumber', 'Reliable plumbing services for residential and commercial properties in Choutuppal. From leaky taps to complete pipeline installation, we handle it all with expertise.', '[{"name":"Tap Repair","price":"₹150"},{"name":"Pipe Fitting","price":"₹300"},{"name":"Water Tank Installation","price":"₹1500"},{"name":"Bathroom Fitting","price":"₹2000"},{"name":"Drain Cleaning","price":"₹250"},{"name":"Motor Repair","price":"₹500"}]', '["https://images.unsplash.com/photo-1585704032915-c3400ca199e7?w=800","https://images.unsplash.com/photo-1504328345606-18bbc8c9d7d1?w=800"]', '918888888881', 'Colony Area, Choutuppal, Telangana 508252', 17.3001, 78.9275, TRUE, FALSE, FALSE, 650, '7:00 AM - 9:00 PM', NULL, NULL, '2026-05-16T13:28:49.140Z'::timestamp, '2026-05-16T13:28:49.140Z'::timestamp) ON CONFLICT DO NOTHING;
INSERT INTO public."Listing" ("id", "userId", "cityId", "slug", "name", "category", "description", "services", "images", "whatsappNumber", "address", "latitude", "longitude", "isApproved", "isPremium", "isFeatured", "viewsCount", "operatingHours", "qrCodeUrl", "referredByAgentId", "createdAt", "updatedAt") VALUES ('cmp8dtxbo000wmavt0ppy0hfr', 'cmp8dtxbd0008mavt96zjmdxl', 'cmp8dtxb70000mavt7q4w47pi', 'krishna-real-estate', 'Krishna Real Estate', 'realestate', 'Leading real estate consultancy in Choutuppal. Buy, sell, or rent properties with confidence. Expert advice on plots, flats, villas, and commercial spaces.', '[{"name":"Property Consultation","price":"Free"},{"name":"Property Listing","price":"₹500"},{"name":"Legal Verification","price":"₹3000"},{"name":"Property Valuation","price":"₹1000"},{"name":"Rental Agreement","price":"₹2000"}]', '["https://images.unsplash.com/photo-1560518883-ce09059eeffa?w=800","https://images.unsplash.com/photo-1554995207-c18c203602cb?w=800"]', '918888888882', 'Main Road, Opposite Bus Stand, Choutuppal, Telangana 508252', 17.2988, 78.9259, TRUE, FALSE, TRUE, 1801, '9:00 AM - 7:00 PM', NULL, NULL, '2026-05-16T13:28:49.140Z'::timestamp, '2026-06-01T14:41:54.234Z'::timestamp) ON CONFLICT DO NOTHING;
INSERT INTO public."Listing" ("id", "userId", "cityId", "slug", "name", "category", "description", "services", "images", "whatsappNumber", "address", "latitude", "longitude", "isApproved", "isPremium", "isFeatured", "viewsCount", "operatingHours", "qrCodeUrl", "referredByAgentId", "createdAt", "updatedAt") VALUES ('cmp8dtxbp000ymavtbfo99kwj', 'cmp8dtxbe000amavtmxdzjyu5', 'cmp8dtxb70000mavt7q4w47pi', 'choutuppal-xerox-internet', 'Choutuppal Xerox & Internet', 'services', 'One-stop shop for all your documentation and internet needs. Xerox, scanning, printing, lamination, and high-speed internet browsing available.', '[{"name":"Xerox (Per Page)","price":"₹2"},{"name":"Color Print (Per Page)","price":"₹10"},{"name":"Lamination","price":"₹30"},{"name":"Scanning","price":"₹20"},{"name":"Internet Browsing (Per Hour)","price":"₹30"},{"name":"Passport Photo","price":"₹50"}]', '["https://images.unsplash.com/photo-1612815154858-60aa4c59eaa6?w=800","https://images.unsplash.com/photo-1586075010923-2dd4570fb338?w=800"]', '918888888883', 'Near Post Office, Choutuppal, Telangana 508252', 17.298, 78.925, TRUE, FALSE, FALSE, 420, '8:00 AM - 9:00 PM', NULL, NULL, '2026-05-16T13:28:49.141Z'::timestamp, '2026-05-16T13:28:49.141Z'::timestamp) ON CONFLICT DO NOTHING;
INSERT INTO public."Listing" ("id", "userId", "cityId", "slug", "name", "category", "description", "services", "images", "whatsappNumber", "address", "latitude", "longitude", "isApproved", "isPremium", "isFeatured", "viewsCount", "operatingHours", "qrCodeUrl", "referredByAgentId", "createdAt", "updatedAt") VALUES ('cmp8dtxbp0010mavt2mbzv4qu', 'cmp8dtxbc0006mavt3bpkbux9', 'cmp8dtxb70000mavt7q4w47pi', 'annapurna-mess', 'Annapurna Mess', 'tiffin', 'Home-style meals served fresh daily. Famous for our unlimited meals plate with rice, dal, sambar, curd, and pickle. Clean and hygienic dining experience.', '[{"name":"Unlimited Meals","price":"₹120"},{"name":"Mini Meals","price":"₹80"},{"name":"Biryani (Veg)","price":"₹150"},{"name":"Biryani (Chicken)","price":"₹200"},{"name":"Curd Rice","price":"₹60"},{"name":"Roti Curry","price":"₹70"}]', '["https://images.unsplash.com/photo-1596797038530-2c107229654b?w=800","https://images.unsplash.com/photo-1565557623262-b51c2513a641?w=800"]', '918888888881', 'Old Bus Stand Road, Choutuppal, Telangana 508252', 17.2975, 78.9268, TRUE, TRUE, FALSE, 1650, '11:00 AM - 3:00 PM, 7:00 PM - 10:30 PM', NULL, NULL, '2026-05-16T13:28:49.142Z'::timestamp, '2026-05-16T13:28:49.142Z'::timestamp) ON CONFLICT DO NOTHING;
INSERT INTO public."Listing" ("id", "userId", "cityId", "slug", "name", "category", "description", "services", "images", "whatsappNumber", "address", "latitude", "longitude", "isApproved", "isPremium", "isFeatured", "viewsCount", "operatingHours", "qrCodeUrl", "referredByAgentId", "createdAt", "updatedAt") VALUES ('cmp8dtxbq0012mavta2w6jao1', 'cmp8dtxbd0008mavt96zjmdxl', 'cmp8dtxb70000mavt7q4w47pi', 'sai-electronics', 'Sai Electronics', 'electronics', 'Your one-stop electronics store in Choutuppal. Mobile phones, accessories, home appliances, and repair services. Authorized dealer for top brands.', '[{"name":"Mobile Screen Repair","price":"₹500"},{"name":"Battery Replacement","price":"₹300"},{"name":"TV Repair","price":"₹800"},{"name":"AC Service","price":"₹600"},{"name":"Laptop Repair","price":"₹1000"},{"name":"Mobile Accessories","price":"₹100+"}]', '["https://images.unsplash.com/photo-1498049794561-7780e7231661?w=800","https://images.unsplash.com/photo-1550009158-9ebf69173e03?w=800"]', '918888888882', 'Market Road, Choutuppal, Telangana 508252', 17.2995, 78.9248, TRUE, FALSE, FALSE, 780, '9:00 AM - 9:30 PM', NULL, NULL, '2026-05-16T13:28:49.142Z'::timestamp, '2026-05-16T13:28:49.142Z'::timestamp) ON CONFLICT DO NOTHING;
INSERT INTO public."Listing" ("id", "userId", "cityId", "slug", "name", "category", "description", "services", "images", "whatsappNumber", "address", "latitude", "longitude", "isApproved", "isPremium", "isFeatured", "viewsCount", "operatingHours", "qrCodeUrl", "referredByAgentId", "createdAt", "updatedAt") VALUES ('cmp8dtxbr0014mavtf2n2tkod', 'cmp8dtxbe000amavtmxdzjyu5', 'cmp8dtxb70000mavt7q4w47pi', 'sree-rama-automobiles', 'Sree Rama Automobiles', 'automobile', 'Complete automobile service center offering bike and car servicing, spare parts, and accessories. Experienced mechanics with genuine parts guarantee.', '[{"name":"Bike Service","price":"₹400"},{"name":"Car Service","price":"₹1500"},{"name":"Oil Change (Bike)","price":"₹250"},{"name":"Tyre Replacement","price":"₹800+"},{"name":"Battery Replacement","price":"₹1200+"},{"name":"General Checkup","price":"₹200"}]', '["https://images.unsplash.com/photo-1619642751034-765dfdf7c58e?w=800","https://images.unsplash.com/photo-1486262715619-67b85e0b08d3?w=800"]', '918888888883', 'Highway Road, Choutuppal, Telangana 508252', 17.301, 78.9285, TRUE, FALSE, FALSE, 530, '8:00 AM - 8:00 PM', NULL, NULL, '2026-05-16T13:28:49.143Z'::timestamp, '2026-05-16T13:28:49.143Z'::timestamp) ON CONFLICT DO NOTHING;
INSERT INTO public."Listing" ("id", "userId", "cityId", "slug", "name", "category", "description", "services", "images", "whatsappNumber", "address", "latitude", "longitude", "isApproved", "isPremium", "isFeatured", "viewsCount", "operatingHours", "qrCodeUrl", "referredByAgentId", "createdAt", "updatedAt") VALUES ('cmp8dtxbs0016mavto5vmal2b', 'cmp8dtxbc0006mavt3bpkbux9', 'cmp8dtxb70000mavt7q4w47pi', 'padmavathi-tailors', 'Padmavathi Tailors', 'tailor', 'Expert tailoring for men and women. Custom stitching, alterations, and designer wear. Specializing in traditional Telangana attire and modern fashion.', '[{"name":"Shirt Stitching","price":"₹300"},{"name":"Pant Stitching","price":"₹250"},{"name":"Blouse Stitching","price":"₹200"},{"name":"Salwar Kameez","price":"₹500"},{"name":"Alterations","price":"₹100+"},{"name":"Lehenga Stitching","price":"₹2000"}]', '["https://images.unsplash.com/photo-1558618666-fcd25c85f82e?w=800","https://images.unsplash.com/photo-1590735213920-68192a487bc2?w=800"]', '918888888881', 'Temple Road, Choutuppal, Telangana 508252', 17.2982, 78.9242, TRUE, FALSE, FALSE, 390, '9:00 AM - 8:00 PM', NULL, NULL, '2026-05-16T13:28:49.144Z'::timestamp, '2026-05-16T13:28:49.144Z'::timestamp) ON CONFLICT DO NOTHING;
INSERT INTO public."Listing" ("id", "userId", "cityId", "slug", "name", "category", "description", "services", "images", "whatsappNumber", "address", "latitude", "longitude", "isApproved", "isPremium", "isFeatured", "viewsCount", "operatingHours", "qrCodeUrl", "referredByAgentId", "createdAt", "updatedAt") VALUES ('cmp8dtxbs0018mavtjebayxwo', 'cmp8dtxbd0008mavt96zjmdxl', 'cmp8dtxb70000mavt7q4w47pi', 'ganesh-hardware', 'Ganesh Hardware', 'hardware', 'Complete hardware store for construction and home improvement. Cement, steel, paints, plumbing materials, electrical supplies, and tools all under one roof.', '[{"name":"Cement (Per Bag)","price":"₹380"},{"name":"Steel (Per Kg)","price":"₹65"},{"name":"Paint (Per Litre)","price":"₹250+"},{"name":"Electrical Fittings","price":"₹50+"},{"name":"Plumbing Materials","price":"₹20+"},{"name":"Tools & Equipment","price":"₹100+"}]', '["https://images.unsplash.com/photo-1504328345606-18bbc8c9d7d1?w=800","https://images.unsplash.com/photo-1589939705384-5185137a7f0f?w=800"]', '918888888882', 'Main Road, Near RTC Bus Stand, Choutuppal, Telangana 508252', 17.2991, 78.9263, TRUE, FALSE, FALSE, 340, '7:30 AM - 8:30 PM', NULL, NULL, '2026-05-16T13:28:49.145Z'::timestamp, '2026-05-16T13:28:49.145Z'::timestamp) ON CONFLICT DO NOTHING;
INSERT INTO public."Listing" ("id", "userId", "cityId", "slug", "name", "category", "description", "services", "images", "whatsappNumber", "address", "latitude", "longitude", "isApproved", "isPremium", "isFeatured", "viewsCount", "operatingHours", "qrCodeUrl", "referredByAgentId", "createdAt", "updatedAt") VALUES ('cmp8dtxbt001amavtzqh0hwe4', 'cmp8dtxbe000amavtmxdzjyu5', 'cmp8dtxb70000mavt7q4w47pi', 'vijaya-educational-academy', 'Vijaya Educational Academy', 'education', 'Premier coaching institute for school students and competitive exam preparation. Experienced faculty, personalized attention, and proven track record of results.', '[{"name":"Tuition (Class 6-10)","price":"₹1500/month"},{"name":"Inter Coaching","price":"₹3000/month"},{"name":"Spoken English","price":"₹2000/month"},{"name":"Computer Basics","price":"₹2500/month"},{"name":"Competitive Exam Prep","price":"₹4000/month"},{"name":"Handwriting Improvement","price":"₹1000/month"}]', '["https://images.unsplash.com/photo-1503676260728-1c00da094a0b?w=800","https://images.unsplash.com/photo-1509062522246-3755977927d7?w=800"]', '918888888883', 'School Road, Choutuppal, Telangana 508252', 17.297, 78.9255, TRUE, TRUE, FALSE, 890, '6:00 AM - 9:00 PM', NULL, NULL, '2026-05-16T13:28:49.145Z'::timestamp, '2026-05-16T13:28:49.145Z'::timestamp) ON CONFLICT DO NOTHING;

-- Table: RealEstateListing
INSERT INTO public."RealEstateListing" ("id", "userId", "cityId", "title", "price", "images", "ownerPhone", "address", "bedroomCount", "area", "isApproved", "isFeatured", "createdAt", "updatedAt") VALUES ('cmp8dtxbu001cmavtob8na9xc', 'cmp8dtxbd0008mavt96zjmdxl', 'cmp8dtxb70000mavt7q4w47pi', '2BHK Flat for Sale', '₹35,00,000', '["https://images.unsplash.com/photo-1522708323590-d24dbb6b0267?w=800","https://images.unsplash.com/photo-1502672260266-1c1ef2d93688?w=800"]', '918888888882', 'Sai Residency, Near Bus Stand, Choutuppal, Telangana 508252', 2, '1050 sq.ft', TRUE, TRUE, '2026-05-16T13:28:49.146Z'::timestamp, '2026-05-16T13:28:49.146Z'::timestamp) ON CONFLICT DO NOTHING;
INSERT INTO public."RealEstateListing" ("id", "userId", "cityId", "title", "price", "images", "ownerPhone", "address", "bedroomCount", "area", "isApproved", "isFeatured", "createdAt", "updatedAt") VALUES ('cmp8dtxbu001emavtsi5hxscf', 'cmp8dtxbd0008mavt96zjmdxl', 'cmp8dtxb70000mavt7q4w47pi', '3BHK Villa with Garden', '₹85,00,000', '["https://images.unsplash.com/photo-1600596542815-ffad4c1539a9?w=800","https://images.unsplash.com/photo-1600585154340-be6161a56a0c?w=800"]', '918888888882', 'Highway Road, Choutuppal, Telangana 508252', 3, '2400 sq.ft', TRUE, TRUE, '2026-05-16T13:28:49.147Z'::timestamp, '2026-05-16T13:28:49.147Z'::timestamp) ON CONFLICT DO NOTHING;
INSERT INTO public."RealEstateListing" ("id", "userId", "cityId", "title", "price", "images", "ownerPhone", "address", "bedroomCount", "area", "isApproved", "isFeatured", "createdAt", "updatedAt") VALUES ('cmp8dtxbv001gmavt94wg022l', 'cmp8dtxbc0006mavt3bpkbux9', 'cmp8dtxb70000mavt7q4w47pi', 'Open Plot - 200 Sq.Yards', '₹22,00,000', '["https://images.unsplash.com/photo-1500382017468-9049fed747ef?w=800"]', '918888888881', 'Vaddera Colony, Choutuppal, Telangana 508252', NULL, '200 sq.yards', TRUE, FALSE, '2026-05-16T13:28:49.147Z'::timestamp, '2026-05-16T13:28:49.147Z'::timestamp) ON CONFLICT DO NOTHING;
INSERT INTO public."RealEstateListing" ("id", "userId", "cityId", "title", "price", "images", "ownerPhone", "address", "bedroomCount", "area", "isApproved", "isFeatured", "createdAt", "updatedAt") VALUES ('cmp8dtxbv001imavtwur7agzv', 'cmp8dtxbc0006mavt3bpkbux9', 'cmp8dtxb70000mavt7q4w47pi', 'Commercial Space for Rent', '₹25,000/month', '["https://images.unsplash.com/photo-1497366216548-37526070297c?w=800","https://images.unsplash.com/photo-1497366811353-6870744d04b2?w=800"]', '918888888881', 'Main Road, Opposite Bus Stand, Choutuppal, Telangana 508252', NULL, '500 sq.ft', TRUE, FALSE, '2026-05-16T13:28:49.148Z'::timestamp, '2026-05-16T13:28:49.148Z'::timestamp) ON CONFLICT DO NOTHING;

-- Table: Lead
INSERT INTO public."Lead" ("id", "listingId", "userId", "customerPhone", "customerName", "requirementText", "source", "status", "createdAt") VALUES ('cmp8dtxcq0048mavt0el0313w', 'cmp8dtxbl000omavt6c3junab', 'cmp8dtxbf000cmavt5aq9r3xj', '917777777771', 'Priya Sharma', 'Want to book a table for 5 people for breakfast tomorrow', 'whatsapp', 'contacted', '2026-05-16T13:28:49.179Z'::timestamp) ON CONFLICT DO NOTHING;
INSERT INTO public."Lead" ("id", "listingId", "userId", "customerPhone", "customerName", "requirementText", "source", "status", "createdAt") VALUES ('cmp8dtxcr004amavtigyi3qll', 'cmp8dtxbn000smavtia4m6tds', 'cmp8dtxbf000cmavt5aq9r3xj', '917777777771', 'Priya Sharma', 'Need bridal makeup appointment for Dec 15th', 'form', 'new', '2026-05-16T13:28:49.179Z'::timestamp) ON CONFLICT DO NOTHING;
INSERT INTO public."Lead" ("id", "listingId", "userId", "customerPhone", "customerName", "requirementText", "source", "status", "createdAt") VALUES ('cmp8dtxcs004cmavt6j87roi6', 'cmp8dtxbo000wmavt0ppy0hfr', NULL, '919876543210', 'Venkat Rao', 'Looking for 2BHK flat within 40 lakhs', 'enquiry', 'converted', '2026-05-16T13:28:49.180Z'::timestamp) ON CONFLICT DO NOTHING;
INSERT INTO public."Lead" ("id", "listingId", "userId", "customerPhone", "customerName", "requirementText", "source", "status", "createdAt") VALUES ('cmp8dtxcs004emavtikhrm1ko', 'cmp8dtxbm000qmavt1koijuim', NULL, '919123456789', 'Anitha Reddy', 'Need monthly medicine supply for diabetes', 'whatsapp', 'new', '2026-05-16T13:28:49.180Z'::timestamp) ON CONFLICT DO NOTHING;
INSERT INTO public."Lead" ("id", "listingId", "userId", "customerPhone", "customerName", "requirementText", "source", "status", "createdAt") VALUES ('cmp8dtxcs004gmavtgswqf1gk', 'cmp8dtxbn000umavtkbgz1jcx', 'cmp8dtxbf000cmavt5aq9r3xj', '917777777771', 'Priya Sharma', 'Bathroom tap leaking, need urgent repair', 'form', 'contacted', '2026-05-16T13:28:49.181Z'::timestamp) ON CONFLICT DO NOTHING;
INSERT INTO public."Lead" ("id", "listingId", "userId", "customerPhone", "customerName", "requirementText", "source", "status", "createdAt") VALUES ('cmp8dtxct004imavtdn31ye63', 'cmp8dtxbp000ymavtbfo99kwj', NULL, '919998887776', 'Srinivas Babu', 'Need 50 color prints and lamination for certificates', 'whatsapp', 'contacted', '2026-05-16T13:28:49.181Z'::timestamp) ON CONFLICT DO NOTHING;
INSERT INTO public."Lead" ("id", "listingId", "userId", "customerPhone", "customerName", "requirementText", "source", "status", "createdAt") VALUES ('cmp8dtxcu004kmavt2p1kf8uy', 'cmp8dtxbp0010mavt2mbzv4qu', NULL, '918877665544', 'Padma Latha', 'Want veg biryani for 30 people — housewarming function', 'form', 'new', '2026-05-16T13:28:49.182Z'::timestamp) ON CONFLICT DO NOTHING;
INSERT INTO public."Lead" ("id", "listingId", "userId", "customerPhone", "customerName", "requirementText", "source", "status", "createdAt") VALUES ('cmp8dtxcu004mmavtmoa8djrh', 'cmp8dtxbq0012mavta2w6jao1', NULL, '917766554433', 'Karthik Reddy', 'Samsung Galaxy screen replacement — how much?', 'whatsapp', 'new', '2026-05-16T13:28:49.182Z'::timestamp) ON CONFLICT DO NOTHING;
INSERT INTO public."Lead" ("id", "listingId", "userId", "customerPhone", "customerName", "requirementText", "source", "status", "createdAt") VALUES ('cmp8dtxcv004omavtzstj7cy6', 'cmp8dtxbr0014mavtf2n2tkod', NULL, '916655443322', 'Ravi Teja', 'Honda Activa service — oil change + general checkup', 'enquiry', 'contacted', '2026-05-16T13:28:49.183Z'::timestamp) ON CONFLICT DO NOTHING;
INSERT INTO public."Lead" ("id", "listingId", "userId", "customerPhone", "customerName", "requirementText", "source", "status", "createdAt") VALUES ('cmp8dtxcv004qmavt8446uzcj', 'cmp8dtxbs0016mavto5vmal2b', NULL, '915544332211', 'Swathi Devi', 'Need blouse stitching for silk saree — wedding function', 'form', 'new', '2026-05-16T13:28:49.184Z'::timestamp) ON CONFLICT DO NOTHING;
INSERT INTO public."Lead" ("id", "listingId", "userId", "customerPhone", "customerName", "requirementText", "source", "status", "createdAt") VALUES ('cmp8dtxcw004smavtvsx8xfq1', 'cmp8dtxbs0018mavtjebayxwo', NULL, '914433221100', 'Nagaraju', 'Need 10 bags cement + steel for house construction', 'whatsapp', 'converted', '2026-05-16T13:28:49.184Z'::timestamp) ON CONFLICT DO NOTHING;
INSERT INTO public."Lead" ("id", "listingId", "userId", "customerPhone", "customerName", "requirementText", "source", "status", "createdAt") VALUES ('cmp8dtxcw004umavt0psp858g', 'cmp8dtxbt001amavtzqh0hwe4', NULL, '913322110099', 'Lavanya', 'Tuition for 9th class — maths and science', 'enquiry', 'new', '2026-05-16T13:28:49.185Z'::timestamp) ON CONFLICT DO NOTHING;
INSERT INTO public."Lead" ("id", "listingId", "userId", "customerPhone", "customerName", "requirementText", "source", "status", "createdAt") VALUES ('cmp8dtxcx004wmavtnjagg88f', 'cmp8dtxbl000omavt6c3junab', NULL, '912211009988', 'Murali Krishna', 'Catering order for 100 people — engagement ceremony', 'form', 'new', '2026-05-16T13:28:49.185Z'::timestamp) ON CONFLICT DO NOTHING;
INSERT INTO public."Lead" ("id", "listingId", "userId", "customerPhone", "customerName", "requirementText", "source", "status", "createdAt") VALUES ('cmp8dtxcx004ymavte26pcffx', 'cmp8dtxbo000wmavt0ppy0hfr', NULL, '911100998877', 'Janardhan Reddy', '200 sq.yards plot near highway — budget 15-20 lakhs', 'whatsapp', 'contacted', '2026-05-16T13:28:49.186Z'::timestamp) ON CONFLICT DO NOTHING;
INSERT INTO public."Lead" ("id", "listingId", "userId", "customerPhone", "customerName", "requirementText", "source", "status", "createdAt") VALUES ('cmp8dtxcy0050mavt9p8k47b8', 'cmp8dtxbn000smavtia4m6tds', NULL, '910099887766', 'Divya Sri', 'Hair smoothing treatment — what are the charges?', 'enquiry', 'new', '2026-05-16T13:28:49.186Z'::timestamp) ON CONFLICT DO NOTHING;
INSERT INTO public."Lead" ("id", "listingId", "userId", "customerPhone", "customerName", "requirementText", "source", "status", "createdAt") VALUES ('cmp8dtxcy0052mavtseb0e3jq', 'cmp8dtxbm000qmavt1koijuim', NULL, '919988776655', 'Rama Devi', 'BP and sugar checkup — walk-in available?', 'form', 'contacted', '2026-05-16T13:28:49.187Z'::timestamp) ON CONFLICT DO NOTHING;
INSERT INTO public."Lead" ("id", "listingId", "userId", "customerPhone", "customerName", "requirementText", "source", "status", "createdAt") VALUES ('cmp8dtxcy0054mavtacnmokwr', 'cmp8dtxbn000umavtkbgz1jcx', NULL, '918877665544', 'Suresh Babu', 'Water motor not working — need emergency repair', 'whatsapp', 'converted', '2026-05-16T13:28:49.187Z'::timestamp) ON CONFLICT DO NOTHING;
INSERT INTO public."Lead" ("id", "listingId", "userId", "customerPhone", "customerName", "requirementText", "source", "status", "createdAt") VALUES ('cmp8dtxcz0056mavty7q3vk5t', 'cmp8dtxbq0012mavta2w6jao1', NULL, '917766554433', 'Akhila', 'Laptop keyboard replacement — Dell Inspiron', 'enquiry', 'lost', '2026-05-16T13:28:49.187Z'::timestamp) ON CONFLICT DO NOTHING;
INSERT INTO public."Lead" ("id", "listingId", "userId", "customerPhone", "customerName", "requirementText", "source", "status", "createdAt") VALUES ('cmp8dtxd00058mavt3jkryawl', 'cmp8dtxbs0016mavto5vmal2b', NULL, '916655443322', 'Sunitha', 'Alteration needed for lehanga — can you do it in 2 days?', 'whatsapp', 'contacted', '2026-05-16T13:28:49.188Z'::timestamp) ON CONFLICT DO NOTHING;
INSERT INTO public."Lead" ("id", "listingId", "userId", "customerPhone", "customerName", "requirementText", "source", "status", "createdAt") VALUES ('cmp8dtxd0005amavtrzb6yyqw', 'cmp8dtxbr0014mavtf2n2tkod', NULL, '915544332211', 'Prasad', 'Car AC not cooling — need gas refill and checkup', 'form', 'new', '2026-05-16T13:28:49.188Z'::timestamp) ON CONFLICT DO NOTHING;

-- Table: Review
INSERT INTO public."Review" ("id", "userId", "listingId", "rating", "comment", "createdAt") VALUES ('cmp8dtxc7002emavtsdre1t26', 'cmp8dtxbf000cmavt5aq9r3xj', 'cmp8dtxbl000omavt6c3junab', 5, 'Best tiffin center in Choutuppal! The masala dosa is amazing and the chutney varieties are excellent. Must try their filter coffee.', '2026-05-16T13:28:49.159Z'::timestamp) ON CONFLICT DO NOTHING;
INSERT INTO public."Review" ("id", "userId", "listingId", "rating", "comment", "createdAt") VALUES ('cmp8dtxc7002gmavtpzwuvp11', 'cmp8dtxbf000cmavt5aq9r3xj', 'cmp8dtxbm000qmavt1koijuim', 4, 'Good medical store with almost all medicines available. Home delivery is a great feature. Prices are reasonable.', '2026-05-16T13:28:49.160Z'::timestamp) ON CONFLICT DO NOTHING;
INSERT INTO public."Review" ("id", "userId", "listingId", "rating", "comment", "createdAt") VALUES ('cmp8dtxc8002imavt9tp83fkb', 'cmp8dtxbf000cmavt5aq9r3xj', 'cmp8dtxbn000smavtia4m6tds', 5, 'Lakshmi didi is an expert! My bridal makeup was perfect. Very professional and hygienic salon. Highly recommended for bridal packages.', '2026-05-16T13:28:49.161Z'::timestamp) ON CONFLICT DO NOTHING;
INSERT INTO public."Review" ("id", "userId", "listingId", "rating", "comment", "createdAt") VALUES ('cmp8dtxc9002kmavtnvnhdpki', 'cmp8dtxba0004mavtyqcph9qw', 'cmp8dtxbl000omavt6c3junab', 4, 'Consistent quality and taste. The place is always clean. Only issue is parking space during peak hours.', '2026-05-16T13:28:49.161Z'::timestamp) ON CONFLICT DO NOTHING;
INSERT INTO public."Review" ("id", "userId", "listingId", "rating", "comment", "createdAt") VALUES ('cmp8dtxc9002mmavt9rem9km5', 'cmp8dtxbf000cmavt5aq9r3xj', 'cmp8dtxbp0010mavt2mbzv4qu', 5, 'Home-style food at affordable prices. The unlimited meals plate is great value for money. Dal and sambar taste just like home!', '2026-05-16T13:28:49.161Z'::timestamp) ON CONFLICT DO NOTHING;
INSERT INTO public."Review" ("id", "userId", "listingId", "rating", "comment", "createdAt") VALUES ('cmp8dtxc9002omavth448cxzd', 'cmp8dtxba0004mavtyqcph9qw', 'cmp8dtxbn000smavtia4m6tds', 4, 'Good salon with modern equipment. Staff is friendly and skilled. A bit expensive compared to others in the area.', '2026-05-16T13:28:49.162Z'::timestamp) ON CONFLICT DO NOTHING;
INSERT INTO public."Review" ("id", "userId", "listingId", "rating", "comment", "createdAt") VALUES ('cmp8dtxca002qmavtlwf0ta4b', 'cmp8dtxbf000cmavt5aq9r3xj', 'cmp8dtxbt001amavtzqh0hwe4', 5, 'Excellent coaching center! My daughter improved her grades significantly after joining. Teachers are very dedicated and supportive.', '2026-05-16T13:28:49.162Z'::timestamp) ON CONFLICT DO NOTHING;
INSERT INTO public."Review" ("id", "userId", "listingId", "rating", "comment", "createdAt") VALUES ('cmp8dtxca002smavtaf82tays', 'cmp8dtxba0004mavtyqcph9qw', 'cmp8dtxbo000wmavt0ppy0hfr', 4, 'Knowledgeable real estate agent. Helped us find the right plot within our budget. Legal verification service is very useful.', '2026-05-16T13:28:49.163Z'::timestamp) ON CONFLICT DO NOTHING;

-- Table: CoinTransaction
INSERT INTO public."CoinTransaction" ("id", "userId", "amount", "reason", "createdAt") VALUES ('cmp8dtxci003cmavt081fufvs', 'cmp8dtxbf000cmavt5aq9r3xj', 50, 'Daily login reward', '2026-05-16T13:28:49.171Z'::timestamp) ON CONFLICT DO NOTHING;
INSERT INTO public."CoinTransaction" ("id", "userId", "amount", "reason", "createdAt") VALUES ('cmp8dtxcj003emavt7ta7dns2', 'cmp8dtxbf000cmavt5aq9r3xj', 100, 'Spin wheel prize', '2026-05-16T13:28:49.171Z'::timestamp) ON CONFLICT DO NOTHING;
INSERT INTO public."CoinTransaction" ("id", "userId", "amount", "reason", "createdAt") VALUES ('cmp8dtxcj003gmavtmcukjyk1', 'cmp8dtxbf000cmavt5aq9r3xj', 200, 'Referral bonus', '2026-05-16T13:28:49.172Z'::timestamp) ON CONFLICT DO NOTHING;
INSERT INTO public."CoinTransaction" ("id", "userId", "amount", "reason", "createdAt") VALUES ('cmp8dtxck003imavtvcngbwk6', 'cmp8dtxbc0006mavt3bpkbux9', 500, 'Premium subscription bonus', '2026-05-16T13:28:49.172Z'::timestamp) ON CONFLICT DO NOTHING;
INSERT INTO public."CoinTransaction" ("id", "userId", "amount", "reason", "createdAt") VALUES ('cmp8dtxck003kmavtt4q7g0hk', 'cmp8dtxbc0006mavt3bpkbux9', -100, 'Redeemed for discount', '2026-05-16T13:28:49.173Z'::timestamp) ON CONFLICT DO NOTHING;
INSERT INTO public."CoinTransaction" ("id", "userId", "amount", "reason", "createdAt") VALUES ('cmp8dtxcl003mmavtb9lmm8cb', 'cmp8dtxbd0008mavt96zjmdxl', 1000, 'Premium subscription bonus', '2026-05-16T13:28:49.173Z'::timestamp) ON CONFLICT DO NOTHING;
INSERT INTO public."CoinTransaction" ("id", "userId", "amount", "reason", "createdAt") VALUES ('cmp8dtxcl003omavtyiby2gnz', 'cmp8dtxbd0008mavt96zjmdxl', -200, 'Featured listing upgrade', '2026-05-16T13:28:49.174Z'::timestamp) ON CONFLICT DO NOTHING;
INSERT INTO public."CoinTransaction" ("id", "userId", "amount", "reason", "createdAt") VALUES ('cmp8dtxcm003qmavtxch33l0e', 'cmp8dtxbe000amavtmxdzjyu5', 300, 'Pro subscription bonus', '2026-05-16T13:28:49.174Z'::timestamp) ON CONFLICT DO NOTHING;
INSERT INTO public."CoinTransaction" ("id", "userId", "amount", "reason", "createdAt") VALUES ('cmp8dtxcm003smavt19jl4psa', 'cmp8dtxbf000cmavt5aq9r3xj', 10, 'Daily login reward', '2026-05-16T13:28:49.174Z'::timestamp) ON CONFLICT DO NOTHING;

-- Table: Subscription
INSERT INTO public."Subscription" ("id", "userId", "razorpayPaymentId", "plan", "status", "startDate", "endDate", "createdAt") VALUES ('cmp8dtxcn003umavttqcjkn5j', 'cmp8dtxbc0006mavt3bpkbux9', NULL, 'pro', 'active', '2025-01-01T00:00:00.000Z'::timestamp, '2025-12-31T00:00:00.000Z'::timestamp, '2026-05-16T13:28:49.175Z'::timestamp) ON CONFLICT DO NOTHING;
INSERT INTO public."Subscription" ("id", "userId", "razorpayPaymentId", "plan", "status", "startDate", "endDate", "createdAt") VALUES ('cmp8dtxcn003wmavt0pwjgt3u', 'cmp8dtxbd0008mavt96zjmdxl', NULL, 'premium', 'active', '2025-01-01T00:00:00.000Z'::timestamp, '2025-12-31T00:00:00.000Z'::timestamp, '2026-05-16T13:28:49.176Z'::timestamp) ON CONFLICT DO NOTHING;
INSERT INTO public."Subscription" ("id", "userId", "razorpayPaymentId", "plan", "status", "startDate", "endDate", "createdAt") VALUES ('cmp8dtxco003ymavtvc9pc9xl', 'cmp8dtxbe000amavtmxdzjyu5', NULL, 'pro', 'active', '2025-02-01T00:00:00.000Z'::timestamp, '2026-01-31T00:00:00.000Z'::timestamp, '2026-05-16T13:28:49.176Z'::timestamp) ON CONFLICT DO NOTHING;
INSERT INTO public."Subscription" ("id", "userId", "razorpayPaymentId", "plan", "status", "startDate", "endDate", "createdAt") VALUES ('cmp8dtxco0040mavtyl1cv1o7', 'cmp8dtxbc0006mavt3bpkbux9', NULL, 'pro', 'expired', '2024-01-01T00:00:00.000Z'::timestamp, '2024-12-31T00:00:00.000Z'::timestamp, '2026-05-16T13:28:49.177Z'::timestamp) ON CONFLICT DO NOTHING;
INSERT INTO public."Subscription" ("id", "userId", "razorpayPaymentId", "plan", "status", "startDate", "endDate", "createdAt") VALUES ('cmp8dtxcp0042mavtsynnu9zj', 'cmp8dtxbd0008mavt96zjmdxl', NULL, 'pro', 'expired', '2024-03-01T00:00:00.000Z'::timestamp, '2025-02-28T00:00:00.000Z'::timestamp, '2026-05-16T13:28:49.177Z'::timestamp) ON CONFLICT DO NOTHING;
INSERT INTO public."Subscription" ("id", "userId", "razorpayPaymentId", "plan", "status", "startDate", "endDate", "createdAt") VALUES ('cmp8dtxcp0044mavt3whyfz8w', 'cmp8dtxbe000amavtmxdzjyu5', NULL, 'free', 'cancelled', '2024-06-01T00:00:00.000Z'::timestamp, '2024-06-15T00:00:00.000Z'::timestamp, '2026-05-16T13:28:49.178Z'::timestamp) ON CONFLICT DO NOTHING;
INSERT INTO public."Subscription" ("id", "userId", "razorpayPaymentId", "plan", "status", "startDate", "endDate", "createdAt") VALUES ('cmp8dtxcq0046mavtdc09gv38', 'cmp8dtxbf000cmavt5aq9r3xj', NULL, 'pro', 'active', '2025-03-15T00:00:00.000Z'::timestamp, '2026-03-14T00:00:00.000Z'::timestamp, '2026-05-16T13:28:49.178Z'::timestamp) ON CONFLICT DO NOTHING;

-- Table: Story
INSERT INTO public."Story" ("id", "userId", "cityId", "title", "mediaType", "mediaUrl", "musicId", "musicName", "isPremium", "viewsCount", "expiresAt", "createdAt") VALUES ('cmp8dtxc0001qmavtqj2365g0', 'cmp8dtxbc0006mavt3bpkbux9', 'cmp8dtxb70000mavt7q4w47pi', 'Grand Opening - Sri Venkateswara Tiffin Center New Branch!', 'IMAGE', 'https://images.unsplash.com/photo-1517248135467-4c7edcad34c4?w=600', 'cmp8dtxbw001jmavtiezbj4cp', 'Telugu Folk Beat', FALSE, 320, '2026-05-17T13:28:49.151Z'::timestamp, '2026-05-16T13:28:49.152Z'::timestamp) ON CONFLICT DO NOTHING;
INSERT INTO public."Story" ("id", "userId", "cityId", "title", "mediaType", "mediaUrl", "musicId", "musicName", "isPremium", "viewsCount", "expiresAt", "createdAt") VALUES ('cmp8dtxc1001smavtjx8f0vfb', 'cmp8dtxbe000amavtmxdzjyu5', 'cmp8dtxb70000mavt7q4w47pi', 'Bridal Season Special - 50% Off at Lakshmi Beauty Salon', 'IMAGE', 'https://images.unsplash.com/photo-1522337360788-8b13dee7a37e?w=600', 'cmp8dtxbx001kmavthhmwtg4b', 'Celebration Lo-Fi', TRUE, 580, '2026-05-17T11:28:49.151Z'::timestamp, '2026-05-16T13:28:49.153Z'::timestamp) ON CONFLICT DO NOTHING;
INSERT INTO public."Story" ("id", "userId", "cityId", "title", "mediaType", "mediaUrl", "musicId", "musicName", "isPremium", "viewsCount", "expiresAt", "createdAt") VALUES ('cmp8dtxc1001umavtzyo2x30c', 'cmp8dtxbd0008mavt96zjmdxl', 'cmp8dtxb70000mavt7q4w47pi', 'New Plot Listings Near Highway - Starting ₹10L', 'IMAGE', 'https://images.unsplash.com/photo-1560518883-ce09059eeffa?w=600', NULL, NULL, FALSE, 450, '2026-05-17T09:28:49.151Z'::timestamp, '2026-05-16T13:28:49.153Z'::timestamp) ON CONFLICT DO NOTHING;
INSERT INTO public."Story" ("id", "userId", "cityId", "title", "mediaType", "mediaUrl", "musicId", "musicName", "isPremium", "viewsCount", "expiresAt", "createdAt") VALUES ('cmp8dtxc2001wmavt9w5y9a5s', 'cmp8dtxbc0006mavt3bpkbux9', 'cmp8dtxb70000mavt7q4w47pi', 'Annapurna Mess - Now Delivering via WhatsApp!', 'IMAGE', 'https://images.unsplash.com/photo-1565557623262-b51c2513a641?w=600', 'cmp8dtxbx001lmavt8dmd0nqo', 'Traditional Drums', FALSE, 210, '2026-05-17T07:28:49.151Z'::timestamp, '2026-05-16T13:28:49.154Z'::timestamp) ON CONFLICT DO NOTHING;
INSERT INTO public."Story" ("id", "userId", "cityId", "title", "mediaType", "mediaUrl", "musicId", "musicName", "isPremium", "viewsCount", "expiresAt", "createdAt") VALUES ('cmp8dtxc2001ymavtj44t0e5z', 'cmp8dtxbe000amavtmxdzjyu5', 'cmp8dtxb70000mavt7q4w47pi', 'Vijaya Academy - Top Results in Board Exams!', 'IMAGE', 'https://images.unsplash.com/photo-1503676260728-1c00da094a0b?w=600', NULL, NULL, TRUE, 670, '2026-05-17T04:28:49.151Z'::timestamp, '2026-05-16T13:28:49.155Z'::timestamp) ON CONFLICT DO NOTHING;
INSERT INTO public."Story" ("id", "userId", "cityId", "title", "mediaType", "mediaUrl", "musicId", "musicName", "isPremium", "viewsCount", "expiresAt", "createdAt") VALUES ('cmp8dtxc30020mavtekcreyb2', 'cmp8dtxbd0008mavt96zjmdxl', 'cmp8dtxb70000mavt7q4w47pi', 'City Medical Store - Free Health Checkup Camp This Sunday', 'IMAGE', 'https://images.unsplash.com/photo-1576602976047-174e57a47881?w=600', 'cmp8dtxby001nmavt3vm0gphx', 'Chill Vibes Telugu', FALSE, 340, '2026-05-17T01:28:49.151Z'::timestamp, '2026-05-16T13:28:49.155Z'::timestamp) ON CONFLICT DO NOTHING;
INSERT INTO public."Story" ("id", "userId", "cityId", "title", "mediaType", "mediaUrl", "musicId", "musicName", "isPremium", "viewsCount", "expiresAt", "createdAt") VALUES ('cmp8dtxc30022mavtc4y7qe3k', 'cmp8dtxbi000imavt8p9exy72', 'cmp8dtxb70000mavt7q4w47pi', 'చౌటుప్పల్ అభివృద్ధికి నా కట్టుబడి! 🙏', 'IMAGE', 'https://images.unsplash.com/photo-1529156069898-49953e39b3ac?w=600', 'cmp8dtxbz001omavt393gp8qw', 'Devotional Flute', FALSE, 1200, '2026-05-17T12:28:49.151Z'::timestamp, '2026-05-16T13:28:49.156Z'::timestamp) ON CONFLICT DO NOTHING;
INSERT INTO public."Story" ("id", "userId", "cityId", "title", "mediaType", "mediaUrl", "musicId", "musicName", "isPremium", "viewsCount", "expiresAt", "createdAt") VALUES ('cmp8dtxc40024mavt2a85h0g7', 'cmp8dtxbf000cmavt5aq9r3xj', 'cmp8dtxb70000mavt7q4w47pi', 'Choutuppal Market Visit! 🛍️', 'IMAGE', 'https://images.unsplash.com/photo-1555396273-367ea4eb4db5?w=600', NULL, NULL, FALSE, 150, '2026-05-16T23:28:49.151Z'::timestamp, '2026-05-16T13:28:49.156Z'::timestamp) ON CONFLICT DO NOTHING;

-- Table: News
INSERT INTO public."News" ("id", "cityId", "title", "content", "imageUrl", "source", "isPublished", "createdAt") VALUES ('cmp8dtxc40026mavt8x0ttj9j', 'cmp8dtxb70000mavt7q4w47pi', 'Choutuppal Municipality Approves New Road Widening Project', 'The Choutuppal Municipality has approved a ₹15 crore road widening project for the Main Road stretch from Bus Stand to Highway Junction. The project is expected to be completed within 18 months and will ease traffic congestion in the town center. Local businesses have welcomed the move while requesting minimal disruption during construction.', NULL, 'Telangana Today', TRUE, '2026-05-16T13:28:49.157Z'::timestamp) ON CONFLICT DO NOTHING;
INSERT INTO public."News" ("id", "cityId", "title", "content", "imageUrl", "source", "isPublished", "createdAt") VALUES ('cmp8dtxc50028mavt2bdir5ab', 'cmp8dtxb70000mavt7q4w47pi', 'New Water Supply Scheme to Benefit 10,000 Households', 'The state government has sanctioned a new water supply scheme for Choutuppal under the Mission Bhagiratha program. The scheme will provide clean drinking water to over 10,000 households in the town and surrounding areas. Pipeline laying work has already begun and is expected to be completed by March next year.', 'https://images.unsplash.com/photo-1548839140-29a749e1cf4d?w=800', 'Eenadu', TRUE, '2026-05-16T13:28:49.157Z'::timestamp) ON CONFLICT DO NOTHING;
INSERT INTO public."News" ("id", "cityId", "title", "content", "imageUrl", "source", "isPublished", "createdAt") VALUES ('cmp8dtxc6002amavtg0xak5yv', 'cmp8dtxb70000mavt7q4w47pi', 'Choutuppal RDO Office Inaugurates Digital Services Center', 'The RDO office in Choutuppal has inaugurated a new digital services center that will allow citizens to access various government services online. Services include land records, certificates, and pension applications. The center is equipped with 20 computers and trained staff to assist the public.', 'https://images.unsplash.com/photo-1551288049-bebda4e38f71?w=800', 'Namaste Telangana', TRUE, '2026-05-16T13:28:49.158Z'::timestamp) ON CONFLICT DO NOTHING;
INSERT INTO public."News" ("id", "cityId", "title", "content", "imageUrl", "source", "isPublished", "createdAt") VALUES ('cmp8dtxc6002cmavtuydsu4tx', 'cmp8dtxb70000mavt7q4w47pi', 'Annual Choutuppal Jatara Festival Draws Record Crowds', 'The annual Choutuppal Jatara festival celebrated at the ancient Sri Rama Temple drew record crowds this year with over 50,000 devotees attending the three-day event. The festival featured cultural programs, traditional dances, and a grand procession. Local authorities made elaborate arrangements for crowd management and security.', 'https://images.unsplash.com/photo-1544829099-b9a0c07fad1a?w=800', 'Sakshi', TRUE, '2026-05-16T13:28:49.159Z'::timestamp) ON CONFLICT DO NOTHING;

-- Table: Blog
INSERT INTO public."Blog" ("id", "title", "slug", "coverImageUrl", "content", "authorId", "cityId", "isPublished", "createdAt", "updatedAt") VALUES ('cmp8dtxd1005emavtb3v00zhf', '5 Hidden Gems in Choutuppal You Must Visit', '5-hidden-gems-choutuppal', 'https://images.unsplash.com/photo-1587474260584-136574535ed5?w=800', '<h2>Discover Choutuppal</h2><p>Choutuppal is a town rich in culture and history. Here are 5 places you absolutely must visit...</p>', 'cmp8dtxba0004mavtyqcph9qw', 'cmp8dtxb70000mavt7q4w47pi', TRUE, '2026-05-16T13:28:49.190Z'::timestamp, '2026-05-16T13:28:49.190Z'::timestamp) ON CONFLICT DO NOTHING;
INSERT INTO public."Blog" ("id", "title", "slug", "coverImageUrl", "content", "authorId", "cityId", "isPublished", "createdAt", "updatedAt") VALUES ('cmp8dtxd2005gmavtbxppffu1', 'How Digital Platforms Are Transforming Small Towns', 'digital-platforms-transforming-small-towns', 'https://images.unsplash.com/photo-1519389950473-47ba0277781c?w=800', '<h2>The Digital Revolution</h2><p>Small towns across India are embracing digital transformation at an unprecedented rate...</p>', 'cmp8dtxba0004mavtyqcph9qw', NULL, TRUE, '2026-05-16T13:28:49.190Z'::timestamp, '2026-05-16T13:28:49.190Z'::timestamp) ON CONFLICT DO NOTHING;
INSERT INTO public."Blog" ("id", "title", "slug", "coverImageUrl", "content", "authorId", "cityId", "isPublished", "createdAt", "updatedAt") VALUES ('cmp8dtxd3005imavtj6t1xn01', 'Best Street Food in Telangana Towns', 'best-street-food-telangana', 'https://images.unsplash.com/photo-1630383249896-424e482df921?w=800', '<h2>Street Food Paradise</h2><p>Telangana is famous for its incredible street food culture. From spicy mirchi bajji to sweet jalebi...</p>', 'cmp8dtxbc0006mavt3bpkbux9', 'cmp8dtxb70000mavt7q4w47pi', TRUE, '2026-05-16T13:28:49.191Z'::timestamp, '2026-05-16T13:28:49.191Z'::timestamp) ON CONFLICT DO NOTHING;
INSERT INTO public."Blog" ("id", "title", "slug", "coverImageUrl", "content", "authorId", "cityId", "isPublished", "createdAt", "updatedAt") VALUES ('cmp8dtxdz007jmavtn7cklf9n', 'Why Every Local Business Needs a Digital Presence in 2025', 'local-business-digital-presence-2025', 'https://images.unsplash.com/photo-1460925895917-afdab827c52f?w=800', '<h2>The Digital Revolution is Here</h2><p>In 2025, having a digital presence is no longer optional for local businesses. With over 80% of consumers searching online before making a purchase decision, businesses that are not visible online are losing customers every day.</p><h3>Key Benefits</h3><ul><li>Increased visibility in local search results</li><li>Building trust with customer reviews</li><li>Reaching younger demographics who primarily use mobile</li><li>Competing with larger chains on a level playing field</li></ul><p>The Choutuppal Super App makes it easy for local businesses to establish their digital presence without needing technical expertise. Simply list your business, add your services, and start receiving enquiries via WhatsApp!</p>', 'cmp8dtxba0004mavtyqcph9qw', 'cmp8dtxb70000mavt7q4w47pi', TRUE, '2026-05-16T13:28:49.224Z'::timestamp, '2026-05-16T13:28:49.224Z'::timestamp) ON CONFLICT DO NOTHING;
INSERT INTO public."Blog" ("id", "title", "slug", "coverImageUrl", "content", "authorId", "cityId", "isPublished", "createdAt", "updatedAt") VALUES ('cmp8dtxe0007lmavtgvztf9aa', 'How Agents Are Earning ₹20,000+ Monthly with Choutuppal App', 'agent-earnings-guide-2025', 'https://images.unsplash.com/photo-1553729459-uj1ef3f78828?w=800', '<h2>The Agent Opportunity</h2><p>Choutuppal App agents are earning significant commissions by helping local businesses get online. Here is how the commission structure works and how you can maximize your earnings.</p><h3>Commission Structure</h3><ul><li><strong>Listings:</strong> 20% commission on every Pro (₹299) and Premium (₹499) listing you sell</li><li><strong>Banner Ads:</strong> 15% commission on monthly banner ad sales</li><li><strong>News Posts:</strong> 10% commission on sponsored news posts</li></ul><h3>Success Tips</h3><p>Top-performing agents focus on building relationships with business owners. Start with businesses you already know, show them the value of being listed, and the enquiries will speak for themselves.</p>', 'cmp8dtxba0004mavtyqcph9qw', NULL, TRUE, '2026-05-16T13:28:49.224Z'::timestamp, '2026-05-16T13:28:49.224Z'::timestamp) ON CONFLICT DO NOTHING;
INSERT INTO public."Blog" ("id", "title", "slug", "coverImageUrl", "content", "authorId", "cityId", "isPublished", "createdAt", "updatedAt") VALUES ('cmp8dtxe1007nmavtbgv5cqwb', 'Own Your City: The Franchisee Opportunity', 'franchisee-opportunity-guide', 'https://images.unsplash.com/photo-1486406146926-c627a92ad1ab?w=800', '<h2>Become a City Admin</h2><p>The Choutuppal App franchisee model allows entrepreneurs to own and operate the platform in their city. As a City Admin, you get:</p><ul><li>Full management rights for your city</li><li>30% revenue share from all transactions in your city</li><li>Ability to recruit and manage agents</li><li>Complete content management for listings, news, and banners</li></ul><h3>Investment</h3><p>The one-time franchisee fee is ₹50,000. This gives you exclusive rights to operate in your city with full support from our platform team.</p>', 'cmp8dtxba0004mavtyqcph9qw', NULL, TRUE, '2026-05-16T13:28:49.225Z'::timestamp, '2026-05-16T13:28:49.225Z'::timestamp) ON CONFLICT DO NOTHING;

-- Table: AdminRequest
INSERT INTO public."AdminRequest" ("id", "userId", "cityName", "reason", "type", "status", "franchiseeFeePaid", "razorpayPaymentId", "agentCityId", "createdAt") VALUES ('cmp8dtxd1005cmavt9crtk33u', 'cmp8dtxbf000cmavt5aq9r3xj', 'Bhongir', 'I want to bring the Choutuppal App experience to Bhongir and manage local business listings.', 'city_admin', 'pending', FALSE, NULL, NULL, '2026-05-16T13:28:49.189Z'::timestamp) ON CONFLICT DO NOTHING;
INSERT INTO public."AdminRequest" ("id", "userId", "cityName", "reason", "type", "status", "franchiseeFeePaid", "razorpayPaymentId", "agentCityId", "createdAt") VALUES ('cmp8dtxdk006emavtrc65drhu', 'cmp8dtxbf000cmavt5aq9r3xj', 'Choutuppal', 'I want to help onboard businesses in my area', 'agent', 'pending', FALSE, NULL, 'cmp8dtxb70000mavt7q4w47pi', '2026-05-16T13:28:49.209Z'::timestamp) ON CONFLICT DO NOTHING;
INSERT INTO public."AdminRequest" ("id", "userId", "cityName", "reason", "type", "status", "franchiseeFeePaid", "razorpayPaymentId", "agentCityId", "createdAt") VALUES ('cmp8dtxdy007fmavtl5hbua8u', 'cmp8dtxbf000cmavt5aq9r3xj', 'Warangal', 'I want to bring the Choutuppal App model to Warangal. I have extensive local business contacts.', 'city_admin', 'pending', FALSE, NULL, NULL, '2026-05-16T13:28:49.223Z'::timestamp) ON CONFLICT DO NOTHING;
INSERT INTO public."AdminRequest" ("id", "userId", "cityName", "reason", "type", "status", "franchiseeFeePaid", "razorpayPaymentId", "agentCityId", "createdAt") VALUES ('cmp8dtxdz007hmavtnkuy5puk', 'cmp8dtxbf000cmavt5aq9r3xj', 'Choutuppal', 'I want to become an agent and help onboard businesses in my area.', 'agent', 'pending', FALSE, NULL, 'cmp8dtxb70000mavt7q4w47pi', '2026-05-16T13:28:49.223Z'::timestamp) ON CONFLICT DO NOTHING;

-- Table: Profile
INSERT INTO public."Profile" ("id", "userId", "bio", "avatarUrl", "coverImageUrl", "isPublicFigure", "publicFigureCategory", "isVerified", "followersCount", "followingCount", "createdAt", "updatedAt") VALUES ('cmp8dtxek0092mavt9axttb5j', 'cmp8dtxba0004mavtyqcph9qw', 'Super Admin of Choutuppal App. Building the future of hyper-local services! 🚀', NULL, NULL, FALSE, NULL, TRUE, 1250, 45, '2026-05-16T13:28:49.244Z'::timestamp, '2026-05-16T13:28:49.244Z'::timestamp) ON CONFLICT DO NOTHING;
INSERT INTO public."Profile" ("id", "userId", "bio", "avatarUrl", "coverImageUrl", "isPublicFigure", "publicFigureCategory", "isVerified", "followersCount", "followingCount", "createdAt", "updatedAt") VALUES ('cmp8dtxek0094mavtprygbjt3', 'cmp8dtxbf000cmavt5aq9r3xj', 'Love exploring Choutuppal! Foodie 🍛 | Shopper 🛍️ | Local guide 📍', NULL, NULL, FALSE, NULL, FALSE, 85, 120, '2026-05-16T13:28:49.245Z'::timestamp, '2026-05-16T13:28:49.245Z'::timestamp) ON CONFLICT DO NOTHING;
INSERT INTO public."Profile" ("id", "userId", "bio", "avatarUrl", "coverImageUrl", "isPublicFigure", "publicFigureCategory", "isVerified", "followersCount", "followingCount", "createdAt", "updatedAt") VALUES ('cmp8dtxel0096mavtturffd71', 'cmp8dtxbc0006mavt3bpkbux9', 'Business owner in Choutuppal. Running Sri Venkateswara Tiffin Center since 2005! 🍽️', NULL, NULL, FALSE, NULL, FALSE, 210, 50, '2026-05-16T13:28:49.245Z'::timestamp, '2026-05-16T13:28:49.245Z'::timestamp) ON CONFLICT DO NOTHING;
INSERT INTO public."Profile" ("id", "userId", "bio", "avatarUrl", "coverImageUrl", "isPublicFigure", "publicFigureCategory", "isVerified", "followersCount", "followingCount", "createdAt", "updatedAt") VALUES ('cmp8dtxem0098mavt9lnxlb5c', 'cmp8dtxbd0008mavt96zjmdxl', 'Real estate & electronics entrepreneur. Serving Choutuppal with quality products! 🏠📱', NULL, NULL, FALSE, NULL, FALSE, 180, 65, '2026-05-16T13:28:49.246Z'::timestamp, '2026-05-16T13:28:49.246Z'::timestamp) ON CONFLICT DO NOTHING;
INSERT INTO public."Profile" ("id", "userId", "bio", "avatarUrl", "coverImageUrl", "isPublicFigure", "publicFigureCategory", "isVerified", "followersCount", "followingCount", "createdAt", "updatedAt") VALUES ('cmp8dtxem009amavtg5yp8z6w', 'cmp8dtxbe000amavtmxdzjyu5', 'Beauty expert & salon owner. Making Choutuppal beautiful one person at a time! 💇‍♀️✨', NULL, NULL, FALSE, NULL, FALSE, 350, 80, '2026-05-16T13:28:49.247Z'::timestamp, '2026-05-16T13:28:49.247Z'::timestamp) ON CONFLICT DO NOTHING;
INSERT INTO public."Profile" ("id", "userId", "bio", "avatarUrl", "coverImageUrl", "isPublicFigure", "publicFigureCategory", "isVerified", "followersCount", "followingCount", "createdAt", "updatedAt") VALUES ('cmp8dtxen009cmavtqv47jtfm', 'cmp8dtxbi000imavt8p9exy72', 'చౌటుప్పల్ నియోజకవర్గం ఎమ్మెలే. ప్రజల సేవలో ఎప్పుడూ! 🇮🇳 Serving the people of Choutuppal constituency.', NULL, NULL, TRUE, 'POLITICIAN', TRUE, 15000, 25, '2026-05-16T13:28:49.247Z'::timestamp, '2026-05-16T13:28:49.247Z'::timestamp) ON CONFLICT DO NOTHING;
INSERT INTO public."Profile" ("id", "userId", "bio", "avatarUrl", "coverImageUrl", "isPublicFigure", "publicFigureCategory", "isVerified", "followersCount", "followingCount", "createdAt", "updatedAt") VALUES ('cmp8dtxen009emavtok9gz7ab', 'cmp8dtxbj000kmavtk2a6wkka', 'చౌటుప్పల్ మున్సిపల్ చైర్మన్. పట్టణ అభివృద్ధి నా లక్ష్యం! 🏙️ Building a better Choutuppal.', NULL, NULL, TRUE, 'GOVT_OFFICIAL', TRUE, 8500, 30, '2026-05-16T13:28:49.248Z'::timestamp, '2026-05-16T13:28:49.248Z'::timestamp) ON CONFLICT DO NOTHING;
INSERT INTO public."Profile" ("id", "userId", "bio", "avatarUrl", "coverImageUrl", "isPublicFigure", "publicFigureCategory", "isVerified", "followersCount", "followingCount", "createdAt", "updatedAt") VALUES ('cmp8dtxeo009gmavt68aq32z0', 'cmp8dtxbk000mmavtg6adh05f', 'చౌటుప్పల్ కిరణ్ 📸 | Food blogger | Local events | తెలుగు content creator | Promoting local businesses 🤝', NULL, NULL, TRUE, 'INFLUENCER', TRUE, 5200, 450, '2026-05-16T13:28:49.248Z'::timestamp, '2026-05-16T13:28:49.248Z'::timestamp) ON CONFLICT DO NOTHING;
INSERT INTO public."Profile" ("id", "userId", "bio", "avatarUrl", "coverImageUrl", "isPublicFigure", "publicFigureCategory", "isVerified", "followersCount", "followingCount", "createdAt", "updatedAt") VALUES ('cmp8dtxeo009imavtkg4iqp0k', 'cmp8dtxbg000emavt8x32dre7', 'City Admin & Franchisee of Choutuppal App. Empowering local businesses! 💼', NULL, NULL, FALSE, NULL, FALSE, 500, 30, '2026-05-16T13:28:49.249Z'::timestamp, '2026-05-16T13:28:49.249Z'::timestamp) ON CONFLICT DO NOTHING;
INSERT INTO public."Profile" ("id", "userId", "bio", "avatarUrl", "coverImageUrl", "isPublicFigure", "publicFigureCategory", "isVerified", "followersCount", "followingCount", "createdAt", "updatedAt") VALUES ('cmp8dtxep009kmavtjei35zpn', 'cmp8dtxbh000gmavtp7dqc3pm', 'Agent for Choutuppal. Helping businesses grow! 📈', NULL, NULL, FALSE, NULL, FALSE, 120, 200, '2026-05-16T13:28:49.249Z'::timestamp, '2026-05-16T13:28:49.249Z'::timestamp) ON CONFLICT DO NOTHING;

-- Table: Post
INSERT INTO public."Post" ("id", "authorId", "content", "mediaUrls", "likesCount", "commentsCount", "isPinned", "isDeleted", "createdAt", "updatedAt") VALUES ('cmp8dtxeq009mmavtdrwsucg2', 'cmp8dtxbi000imavt8p9exy72', 'చౌటుప్పల్ లో కొత్త రోడ్లు నిర్మాణం జరుగుతోంది... 🚧 మా ప్రభుత్వం ₹15 కోట్లు కేటాయించింది. త్వరలో ట్రాఫిక్ సమస్య తగ్గుతుంది! #ChoutuppalDevelopment #అభివృద్ధి', NULL, 342, 45, TRUE, FALSE, '2026-05-16T13:28:49.250Z'::timestamp, '2026-05-16T13:28:49.250Z'::timestamp) ON CONFLICT DO NOTHING;
INSERT INTO public."Post" ("id", "authorId", "content", "mediaUrls", "likesCount", "commentsCount", "isPinned", "isDeleted", "createdAt", "updatedAt") VALUES ('cmp8dtxeq009omavtv2z1d6yx', 'cmp8dtxbi000imavt8p9exy72', 'నేడు చౌటుప్పల్ ప్రభుత్వ పాఠశాలలో డిజిటల్ క్లాస్‌రూమ్ ప్రారంభోత్సవం! 🏫💻 పిల్లల భవిష్యత్తు కోసం మేము కట్టుబడి ఉన్నాము. #Education #DigitalIndia', NULL, 228, 32, FALSE, FALSE, '2026-05-16T13:28:49.251Z'::timestamp, '2026-05-16T13:28:49.251Z'::timestamp) ON CONFLICT DO NOTHING;
INSERT INTO public."Post" ("id", "authorId", "content", "mediaUrls", "likesCount", "commentsCount", "isPinned", "isDeleted", "createdAt", "updatedAt") VALUES ('cmp8dtxer009qmavt9l4rao4h', 'cmp8dtxbi000imavt8p9exy72', 'చౌటుప్పల్ జాతర ఈ ఏడాది ఘనంగా జరుగుతుంది! 🙏 అందరం కలిసి పాల్గొనండి. భక్తుల సౌకర్యార్థం ప్రత్యేక ఏర్పాట్లు చేశాము. 🪔', NULL, 456, 67, FALSE, FALSE, '2026-05-16T13:28:49.251Z'::timestamp, '2026-05-16T13:28:49.251Z'::timestamp) ON CONFLICT DO NOTHING;
INSERT INTO public."Post" ("id", "authorId", "content", "mediaUrls", "likesCount", "commentsCount", "isPinned", "isDeleted", "createdAt", "updatedAt") VALUES ('cmp8dtxes009smavtbcdvhh7j', 'cmp8dtxbj000kmavtk2a6wkka', 'చౌటుప్పల్ మున్సిపాలిటీ నుండి మీ అందరికీ సందేశం! 🏙️ మంచినీటి సరఫరా పథకం పనులు వేగంగా జరుగుతున్నాయి. మార్చి నాటికి పూర్తవుతుంది! 💧 #MissionBhagiratha', NULL, 189, 23, TRUE, FALSE, '2026-05-16T13:28:49.252Z'::timestamp, '2026-05-16T13:28:49.252Z'::timestamp) ON CONFLICT DO NOTHING;
INSERT INTO public."Post" ("id", "authorId", "content", "mediaUrls", "likesCount", "commentsCount", "isPinned", "isDeleted", "createdAt", "updatedAt") VALUES ('cmp8dtxes009umavtefpdi5pg', 'cmp8dtxbj000kmavtk2a6wkka', 'స్వచ్ఛ చౌటుప్పల్ - ఆదివారం శుభ్రత కార్యక్రమం! 🧹 అందరం పాల్గొనండి. మన పట్టణం మన బాధ్యత! #SwachhChoutuppal #CleanCity', NULL, 145, 18, FALSE, FALSE, '2026-05-16T13:28:49.253Z'::timestamp, '2026-05-16T13:28:49.253Z'::timestamp) ON CONFLICT DO NOTHING;
INSERT INTO public."Post" ("id", "authorId", "content", "mediaUrls", "likesCount", "commentsCount", "isPinned", "isDeleted", "createdAt", "updatedAt") VALUES ('cmp8dtxet009wmavt4b1t2rc9', 'cmp8dtxbk000mmavtg6adh05f', 'చౌటుప్పల్ లో బెస్ట్ మసాలా దోశ! 🤤 శ్రీ వెంకటేశ్వర టిఫిన్ సెంటర్ లో ట్రై చేయండి రండి! నాకు ఇది ఎప్పటికీ ఫేవరెట్! ❤️ #ChoutuppalFood #LocalEats', '["https://images.unsplash.com/photo-1630383249896-424e482df921?w=600"]', 567, 89, FALSE, FALSE, '2026-05-16T13:28:49.253Z'::timestamp, '2026-05-16T13:28:49.253Z'::timestamp) ON CONFLICT DO NOTHING;
INSERT INTO public."Post" ("id", "authorId", "content", "mediaUrls", "likesCount", "commentsCount", "isPinned", "isDeleted", "createdAt", "updatedAt") VALUES ('cmp8dtxeu009ymavtgj559tci', 'cmp8dtxbk000mmavtg6adh05f', 'చౌటుప్పల్ జాతర వైభవం! 🎊✨ ఈ ఏడాది రికార్డు స్థాయిలో భక్తులు వచ్చారు. సాంస్కృతిక కార్యక్రమాలు అద్భుతంగా ఉన్నాయి! 🪔🙏', '["https://images.unsplash.com/photo-1544829099-b9a0c07fad1a?w=600"]', 834, 112, FALSE, FALSE, '2026-05-16T13:28:49.254Z'::timestamp, '2026-05-16T13:28:49.254Z'::timestamp) ON CONFLICT DO NOTHING;
INSERT INTO public."Post" ("id", "authorId", "content", "mediaUrls", "likesCount", "commentsCount", "isPinned", "isDeleted", "createdAt", "updatedAt") VALUES ('cmp8dtxeu00a0mavtx0j2ijk3', 'cmp8dtxbf000cmavt5aq9r3xj', 'ఈ రోజు చౌటుప్పల్ మార్కెట్ లో కొనుగోలు! 🛍️ కూరగాయల ధరలు ఈ వారం చాలా బాగున్నాయి. టమాటా ₹20/kg, ఉల్లిపచ్చి ₹25/kg 🍅🧅', NULL, 45, 12, FALSE, FALSE, '2026-05-16T13:28:49.255Z'::timestamp, '2026-05-16T13:28:49.255Z'::timestamp) ON CONFLICT DO NOTHING;
INSERT INTO public."Post" ("id", "authorId", "content", "mediaUrls", "likesCount", "commentsCount", "isPinned", "isDeleted", "createdAt", "updatedAt") VALUES ('cmp8dtxev00a2mavtzrnhsm7m', 'cmp8dtxbf000cmavt5aq9r3xj', 'Choutuppal App is so useful! Found the best salon in town through this app. Lakshmi Beauty Salon did an amazing job with my bridal makeup! 💄✨ Thank you @LakshmiDevi!', NULL, 67, 8, FALSE, FALSE, '2026-05-16T13:28:49.255Z'::timestamp, '2026-05-16T13:28:49.255Z'::timestamp) ON CONFLICT DO NOTHING;
INSERT INTO public."Post" ("id", "authorId", "content", "mediaUrls", "likesCount", "commentsCount", "isPinned", "isDeleted", "createdAt", "updatedAt") VALUES ('cmp8dtxew00a4mavtk5p58hrn', 'cmp8dtxbc0006mavt3bpkbux9', 'శ్రీ వెంకటేశ్వర టిఫిన్ సెంటర్ లో ఈ వారం ప్రత్యేకం! 🔥 పెసరట్టు + ఫిల్టర్ కాఫీ కాంబో ₹70 మాత్రమే! రండి ఆస్వాదించండి! ☕🥘', NULL, 89, 15, FALSE, FALSE, '2026-05-16T13:28:49.256Z'::timestamp, '2026-05-16T13:28:49.256Z'::timestamp) ON CONFLICT DO NOTHING;

-- Table: Comment
INSERT INTO public."Comment" ("id", "postId", "userId", "content", "createdAt") VALUES ('cmp8dtxew00a6mavtgvcyp35s', 'cmp8dtxeq009mmavtdrwsucg2', 'cmp8dtxbf000cmavt5aq9r3xj', 'చాలా బాగుంది సర్! రోడ్లు బాగుపడితే ట్రాఫిక్ సమస్య తీరుతుంది 👏', '2026-05-16T13:28:49.257Z'::timestamp) ON CONFLICT DO NOTHING;
INSERT INTO public."Comment" ("id", "postId", "userId", "content", "createdAt") VALUES ('cmp8dtxex00a8mavtune8lu0j', 'cmp8dtxeq009mmavtdrwsucg2', 'cmp8dtxbc0006mavt3bpkbux9', 'మా షాపు ముందు రోడ్ చాలా చెడుగా ఉంది. దయచేసి త్వరగా పనులు మొదలుపెట్టండి 🙏', '2026-05-16T13:28:49.257Z'::timestamp) ON CONFLICT DO NOTHING;
INSERT INTO public."Comment" ("id", "postId", "userId", "content", "createdAt") VALUES ('cmp8dtxex00aamavt0vb3kn9l', 'cmp8dtxeq009mmavtdrwsucg2', 'cmp8dtxbj000kmavtk2a6wkka', 'అవును! మేము త్వరలో పనులు ప్రారంభిస్తాము. మీ సహకారానికి ధన్యవాదాలు! 🙏', '2026-05-16T13:28:49.258Z'::timestamp) ON CONFLICT DO NOTHING;
INSERT INTO public."Comment" ("id", "postId", "userId", "content", "createdAt") VALUES ('cmp8dtxey00acmavtnhgi5xhk', 'cmp8dtxet009wmavt4b1t2rc9', 'cmp8dtxbf000cmavt5aq9r3xj', 'నిజమే! ఆ దోశ సూపర్! 🤤 నేను కూడా వారానికి రెండుసార్లు వెళ్తాను!', '2026-05-16T13:28:49.258Z'::timestamp) ON CONFLICT DO NOTHING;
INSERT INTO public."Comment" ("id", "postId", "userId", "content", "createdAt") VALUES ('cmp8dtxey00aemavtlvem29oa', 'cmp8dtxet009wmavt4b1t2rc9', 'cmp8dtxbe000amavtmxdzjyu5', 'కిరణ్ గారు, మీ ఫుడ్ రివ్యూస్ చాలా బాగుంటాయి! 👏😊', '2026-05-16T13:28:49.259Z'::timestamp) ON CONFLICT DO NOTHING;
INSERT INTO public."Comment" ("id", "postId", "userId", "content", "createdAt") VALUES ('cmp8dtxey00agmavt259vduia', 'cmp8dtxeu00a0mavtx0j2ijk3', 'cmp8dtxbk000mmavtg6adh05f', 'మార్కెట్ ధరలు షేర్ చేయడం చాలా మంచిది! థాంక్స్ ప్రియా! 🙌', '2026-05-16T13:28:49.259Z'::timestamp) ON CONFLICT DO NOTHING;
INSERT INTO public."Comment" ("id", "postId", "userId", "content", "createdAt") VALUES ('cmp8dtxez00aimavt7hxloy8j', 'cmp8dtxew00a4mavtk5p58hrn', 'cmp8dtxbf000cmavt5aq9r3xj', 'పెసరట్టు + కాఫీ కాంబో సూపర్! నేను ఈ వారం ట్రై చేశాను ☕😋', '2026-05-16T13:28:49.259Z'::timestamp) ON CONFLICT DO NOTHING;
INSERT INTO public."Comment" ("id", "postId", "userId", "content", "createdAt") VALUES ('cmp8dtxf000akmavt1x80sygc', 'cmp8dtxeq009omavtv2z1d6yx', 'cmp8dtxbd0008mavt96zjmdxl', 'డిజిటల్ క్లాస్‌రూమ్ చాలా అవసరం. ధన్యవాదాలు సర్! 👏', '2026-05-16T13:28:49.260Z'::timestamp) ON CONFLICT DO NOTHING;

-- Table: Like
INSERT INTO public."Like" ("id", "postId", "userId", "createdAt") VALUES ('cmp8dtxf000ammavtpwxwe406', 'cmp8dtxeq009mmavtdrwsucg2', 'cmp8dtxbf000cmavt5aq9r3xj', '2026-05-16T13:28:49.261Z'::timestamp) ON CONFLICT DO NOTHING;
INSERT INTO public."Like" ("id", "postId", "userId", "createdAt") VALUES ('cmp8dtxf100aomavtfqv20swu', 'cmp8dtxeq009mmavtdrwsucg2', 'cmp8dtxbc0006mavt3bpkbux9', '2026-05-16T13:28:49.261Z'::timestamp) ON CONFLICT DO NOTHING;
INSERT INTO public."Like" ("id", "postId", "userId", "createdAt") VALUES ('cmp8dtxf100aqmavtd5vmo18q', 'cmp8dtxeq009mmavtdrwsucg2', 'cmp8dtxbd0008mavt96zjmdxl', '2026-05-16T13:28:49.261Z'::timestamp) ON CONFLICT DO NOTHING;
INSERT INTO public."Like" ("id", "postId", "userId", "createdAt") VALUES ('cmp8dtxf200asmavtjbtbazoa', 'cmp8dtxeq009mmavtdrwsucg2', 'cmp8dtxbj000kmavtk2a6wkka', '2026-05-16T13:28:49.262Z'::timestamp) ON CONFLICT DO NOTHING;
INSERT INTO public."Like" ("id", "postId", "userId", "createdAt") VALUES ('cmp8dtxf200aumavtzh7mf177', 'cmp8dtxeq009omavtv2z1d6yx', 'cmp8dtxbf000cmavt5aq9r3xj', '2026-05-16T13:28:49.262Z'::timestamp) ON CONFLICT DO NOTHING;
INSERT INTO public."Like" ("id", "postId", "userId", "createdAt") VALUES ('cmp8dtxf300awmavtqy6bwfo5', 'cmp8dtxeq009omavtv2z1d6yx', 'cmp8dtxbd0008mavt96zjmdxl', '2026-05-16T13:28:49.263Z'::timestamp) ON CONFLICT DO NOTHING;
INSERT INTO public."Like" ("id", "postId", "userId", "createdAt") VALUES ('cmp8dtxf300aymavtpihqvlyo', 'cmp8dtxer009qmavt9l4rao4h', 'cmp8dtxbf000cmavt5aq9r3xj', '2026-05-16T13:28:49.264Z'::timestamp) ON CONFLICT DO NOTHING;
INSERT INTO public."Like" ("id", "postId", "userId", "createdAt") VALUES ('cmp8dtxf300b0mavtorim6l4s', 'cmp8dtxer009qmavt9l4rao4h', 'cmp8dtxbc0006mavt3bpkbux9', '2026-05-16T13:28:49.264Z'::timestamp) ON CONFLICT DO NOTHING;
INSERT INTO public."Like" ("id", "postId", "userId", "createdAt") VALUES ('cmp8dtxf400b2mavt45eeiugh', 'cmp8dtxer009qmavt9l4rao4h', 'cmp8dtxbe000amavtmxdzjyu5', '2026-05-16T13:28:49.264Z'::timestamp) ON CONFLICT DO NOTHING;
INSERT INTO public."Like" ("id", "postId", "userId", "createdAt") VALUES ('cmp8dtxf400b4mavtbhe0qibn', 'cmp8dtxer009qmavt9l4rao4h', 'cmp8dtxbk000mmavtg6adh05f', '2026-05-16T13:28:49.265Z'::timestamp) ON CONFLICT DO NOTHING;
INSERT INTO public."Like" ("id", "postId", "userId", "createdAt") VALUES ('cmp8dtxf400b6mavt50igufus', 'cmp8dtxes009smavtbcdvhh7j', 'cmp8dtxbi000imavt8p9exy72', '2026-05-16T13:28:49.265Z'::timestamp) ON CONFLICT DO NOTHING;
INSERT INTO public."Like" ("id", "postId", "userId", "createdAt") VALUES ('cmp8dtxf500b8mavtcv03tcux', 'cmp8dtxes009smavtbcdvhh7j', 'cmp8dtxbf000cmavt5aq9r3xj', '2026-05-16T13:28:49.265Z'::timestamp) ON CONFLICT DO NOTHING;
INSERT INTO public."Like" ("id", "postId", "userId", "createdAt") VALUES ('cmp8dtxf500bamavtfgat53tf', 'cmp8dtxet009wmavt4b1t2rc9', 'cmp8dtxbf000cmavt5aq9r3xj', '2026-05-16T13:28:49.265Z'::timestamp) ON CONFLICT DO NOTHING;
INSERT INTO public."Like" ("id", "postId", "userId", "createdAt") VALUES ('cmp8dtxf500bcmavt65poxxi0', 'cmp8dtxet009wmavt4b1t2rc9', 'cmp8dtxbc0006mavt3bpkbux9', '2026-05-16T13:28:49.266Z'::timestamp) ON CONFLICT DO NOTHING;
INSERT INTO public."Like" ("id", "postId", "userId", "createdAt") VALUES ('cmp8dtxf500bemavtes4by116', 'cmp8dtxet009wmavt4b1t2rc9', 'cmp8dtxbe000amavtmxdzjyu5', '2026-05-16T13:28:49.266Z'::timestamp) ON CONFLICT DO NOTHING;
INSERT INTO public."Like" ("id", "postId", "userId", "createdAt") VALUES ('cmp8dtxf600bgmavtnk9hntai', 'cmp8dtxeu009ymavtgj559tci', 'cmp8dtxbi000imavt8p9exy72', '2026-05-16T13:28:49.266Z'::timestamp) ON CONFLICT DO NOTHING;
INSERT INTO public."Like" ("id", "postId", "userId", "createdAt") VALUES ('cmp8dtxf600bimavttqtt8ugh', 'cmp8dtxeu009ymavtgj559tci', 'cmp8dtxbf000cmavt5aq9r3xj', '2026-05-16T13:28:49.266Z'::timestamp) ON CONFLICT DO NOTHING;
INSERT INTO public."Like" ("id", "postId", "userId", "createdAt") VALUES ('cmp8dtxf600bkmavtdlq6wmct', 'cmp8dtxeu009ymavtgj559tci', 'cmp8dtxbc0006mavt3bpkbux9', '2026-05-16T13:28:49.267Z'::timestamp) ON CONFLICT DO NOTHING;
INSERT INTO public."Like" ("id", "postId", "userId", "createdAt") VALUES ('cmp8dtxf700bmmavth7v9n4oz', 'cmp8dtxeu00a0mavtx0j2ijk3', 'cmp8dtxbc0006mavt3bpkbux9', '2026-05-16T13:28:49.267Z'::timestamp) ON CONFLICT DO NOTHING;
INSERT INTO public."Like" ("id", "postId", "userId", "createdAt") VALUES ('cmp8dtxf700bomavt9eauoeoq', 'cmp8dtxeu00a0mavtx0j2ijk3', 'cmp8dtxbk000mmavtg6adh05f', '2026-05-16T13:28:49.267Z'::timestamp) ON CONFLICT DO NOTHING;
INSERT INTO public."Like" ("id", "postId", "userId", "createdAt") VALUES ('cmp8dtxf700bqmavtwaw5n5r7', 'cmp8dtxew00a4mavtk5p58hrn', 'cmp8dtxbf000cmavt5aq9r3xj', '2026-05-16T13:28:49.268Z'::timestamp) ON CONFLICT DO NOTHING;
INSERT INTO public."Like" ("id", "postId", "userId", "createdAt") VALUES ('cmp8dtxf700bsmavtu2bui54e', 'cmp8dtxew00a4mavtk5p58hrn', 'cmp8dtxbk000mmavtg6adh05f', '2026-05-16T13:28:49.268Z'::timestamp) ON CONFLICT DO NOTHING;

-- Table: Follow
INSERT INTO public."Follow" ("id", "followerId", "followingId", "createdAt") VALUES ('cmp8dtxf800bumavtrr2y04pg', 'cmp8dtxbf000cmavt5aq9r3xj', 'cmp8dtxbi000imavt8p9exy72', '2026-05-16T13:28:49.268Z'::timestamp) ON CONFLICT DO NOTHING;
INSERT INTO public."Follow" ("id", "followerId", "followingId", "createdAt") VALUES ('cmp8dtxf800bwmavt976wmhn5', 'cmp8dtxbf000cmavt5aq9r3xj', 'cmp8dtxbj000kmavtk2a6wkka', '2026-05-16T13:28:49.269Z'::timestamp) ON CONFLICT DO NOTHING;
INSERT INTO public."Follow" ("id", "followerId", "followingId", "createdAt") VALUES ('cmp8dtxf900bymavt2am15kr9', 'cmp8dtxbf000cmavt5aq9r3xj', 'cmp8dtxbk000mmavtg6adh05f', '2026-05-16T13:28:49.269Z'::timestamp) ON CONFLICT DO NOTHING;
INSERT INTO public."Follow" ("id", "followerId", "followingId", "createdAt") VALUES ('cmp8dtxf900c0mavttel6ptcy', 'cmp8dtxbf000cmavt5aq9r3xj', 'cmp8dtxba0004mavtyqcph9qw', '2026-05-16T13:28:49.269Z'::timestamp) ON CONFLICT DO NOTHING;
INSERT INTO public."Follow" ("id", "followerId", "followingId", "createdAt") VALUES ('cmp8dtxf900c2mavt8tdl0mc6', 'cmp8dtxbc0006mavt3bpkbux9', 'cmp8dtxbi000imavt8p9exy72', '2026-05-16T13:28:49.270Z'::timestamp) ON CONFLICT DO NOTHING;
INSERT INTO public."Follow" ("id", "followerId", "followingId", "createdAt") VALUES ('cmp8dtxf900c4mavt3e90tmgn', 'cmp8dtxbc0006mavt3bpkbux9', 'cmp8dtxbk000mmavtg6adh05f', '2026-05-16T13:28:49.270Z'::timestamp) ON CONFLICT DO NOTHING;
INSERT INTO public."Follow" ("id", "followerId", "followingId", "createdAt") VALUES ('cmp8dtxfa00c6mavtge9olarv', 'cmp8dtxbd0008mavt96zjmdxl', 'cmp8dtxbi000imavt8p9exy72', '2026-05-16T13:28:49.270Z'::timestamp) ON CONFLICT DO NOTHING;
INSERT INTO public."Follow" ("id", "followerId", "followingId", "createdAt") VALUES ('cmp8dtxfa00c8mavtr1is7644', 'cmp8dtxbd0008mavt96zjmdxl', 'cmp8dtxbj000kmavtk2a6wkka', '2026-05-16T13:28:49.270Z'::timestamp) ON CONFLICT DO NOTHING;
INSERT INTO public."Follow" ("id", "followerId", "followingId", "createdAt") VALUES ('cmp8dtxfa00camavtg49ek9pf', 'cmp8dtxbe000amavtmxdzjyu5', 'cmp8dtxbi000imavt8p9exy72', '2026-05-16T13:28:49.271Z'::timestamp) ON CONFLICT DO NOTHING;
INSERT INTO public."Follow" ("id", "followerId", "followingId", "createdAt") VALUES ('cmp8dtxfa00ccmavt3wscmcvp', 'cmp8dtxbe000amavtmxdzjyu5', 'cmp8dtxbk000mmavtg6adh05f', '2026-05-16T13:28:49.271Z'::timestamp) ON CONFLICT DO NOTHING;
INSERT INTO public."Follow" ("id", "followerId", "followingId", "createdAt") VALUES ('cmp8dtxfb00cemavtn3yu9ez7', 'cmp8dtxbk000mmavtg6adh05f', 'cmp8dtxbi000imavt8p9exy72', '2026-05-16T13:28:49.271Z'::timestamp) ON CONFLICT DO NOTHING;
INSERT INTO public."Follow" ("id", "followerId", "followingId", "createdAt") VALUES ('cmp8dtxfb00cgmavtxly13xyq', 'cmp8dtxbk000mmavtg6adh05f', 'cmp8dtxbj000kmavtk2a6wkka', '2026-05-16T13:28:49.271Z'::timestamp) ON CONFLICT DO NOTHING;
INSERT INTO public."Follow" ("id", "followerId", "followingId", "createdAt") VALUES ('cmp8dtxfb00cimavtdq2gfmqx', 'cmp8dtxbi000imavt8p9exy72', 'cmp8dtxbj000kmavtk2a6wkka', '2026-05-16T13:28:49.271Z'::timestamp) ON CONFLICT DO NOTHING;
INSERT INTO public."Follow" ("id", "followerId", "followingId", "createdAt") VALUES ('cmp8dtxfb00ckmavtczjsrmpt', 'cmp8dtxbj000kmavtk2a6wkka', 'cmp8dtxbi000imavt8p9exy72', '2026-05-16T13:28:49.272Z'::timestamp) ON CONFLICT DO NOTHING;
INSERT INTO public."Follow" ("id", "followerId", "followingId", "createdAt") VALUES ('cmp8dtxfb00cmmavtcd0swjgz', 'cmp8dtxbj000kmavtk2a6wkka', 'cmp8dtxbk000mmavtg6adh05f', '2026-05-16T13:28:49.272Z'::timestamp) ON CONFLICT DO NOTHING;

-- Table: Short
INSERT INTO public."Short" ("id", "userId", "cityId", "title", "youtubeVideoId", "thumbnailUrl", "viewsCount", "likesCount", "commentsCount", "category", "linkedListingId", "isPinned", "isPromoted", "isApproved", "createdAt", "updatedAt") VALUES ('cmp8dtxe1007pmavtnantwcnr', 'cmp8dtxbk000mmavtg6adh05f', 'cmp8dtxb70000mavt7q4w47pi', 'చౌటుప్పల్ జాతర వైభవం! 🎊', 'dQw4w9WgXcQ', 'https://images.unsplash.com/photo-1544829099-b9a0c07fad1a?w=400', 15200, 1200, 89, 'NEWS', NULL, TRUE, FALSE, TRUE, '2026-05-16T13:28:49.226Z'::timestamp, '2026-05-16T13:28:49.226Z'::timestamp) ON CONFLICT DO NOTHING;
INSERT INTO public."Short" ("id", "userId", "cityId", "title", "youtubeVideoId", "thumbnailUrl", "viewsCount", "likesCount", "commentsCount", "category", "linkedListingId", "isPinned", "isPromoted", "isApproved", "createdAt", "updatedAt") VALUES ('cmp8dtxe2007rmavtn18px3ct', 'cmp8dtxbc0006mavt3bpkbux9', 'cmp8dtxb70000mavt7q4w47pi', 'Sri Venkateswara Tiffin - Best Dosa in Town! 🍽️', 'dQw4w9WgXcQ', 'https://images.unsplash.com/photo-1630383249896-424e482df921?w=400', 8500, 670, 45, 'PROMOTION', 'cmp8dtxbl000omavt6c3junab', FALSE, FALSE, TRUE, '2026-05-16T13:28:49.227Z'::timestamp, '2026-05-16T13:28:49.227Z'::timestamp) ON CONFLICT DO NOTHING;
INSERT INTO public."Short" ("id", "userId", "cityId", "title", "youtubeVideoId", "thumbnailUrl", "viewsCount", "likesCount", "commentsCount", "category", "linkedListingId", "isPinned", "isPromoted", "isApproved", "createdAt", "updatedAt") VALUES ('cmp8dtxe3007tmavtx6ryc9sk', 'cmp8dtxbe000amavtmxdzjyu5', 'cmp8dtxb70000mavt7q4w47pi', 'Bridal Makeup Tutorial - Lakshmi Salon 💄', 'dQw4w9WgXcQ', 'https://images.unsplash.com/photo-1560066984-138dadb4c035?w=400', 12300, 980, 67, 'PROMOTION', 'cmp8dtxbn000smavtia4m6tds', FALSE, FALSE, TRUE, '2026-05-16T13:28:49.227Z'::timestamp, '2026-05-16T13:28:49.227Z'::timestamp) ON CONFLICT DO NOTHING;
INSERT INTO public."Short" ("id", "userId", "cityId", "title", "youtubeVideoId", "thumbnailUrl", "viewsCount", "likesCount", "commentsCount", "category", "linkedListingId", "isPinned", "isPromoted", "isApproved", "createdAt", "updatedAt") VALUES ('cmp8dtxe4007vmavtx78orey7', 'cmp8dtxbf000cmavt5aq9r3xj', 'cmp8dtxb70000mavt7q4w47pi', 'Choutuppal Market Walkthrough 🛍️', 'dQw4w9WgXcQ', 'https://images.unsplash.com/photo-1555396273-367ea4eb4db5?w=400', 4200, 340, 28, 'GENERAL', NULL, FALSE, FALSE, TRUE, '2026-05-16T13:28:49.228Z'::timestamp, '2026-05-16T13:28:49.228Z'::timestamp) ON CONFLICT DO NOTHING;
INSERT INTO public."Short" ("id", "userId", "cityId", "title", "youtubeVideoId", "thumbnailUrl", "viewsCount", "likesCount", "commentsCount", "category", "linkedListingId", "isPinned", "isPromoted", "isApproved", "createdAt", "updatedAt") VALUES ('cmp8dtxe4007xmavt2bok7z1p', 'cmp8dtxbi000imavt8p9exy72', 'cmp8dtxb70000mavt7q4w47pi', 'చౌటుప్పల్ అభివృద్ధి - కొత్త రోడ్లు 🛣️', 'dQw4w9WgXcQ', NULL, 9800, 450, 56, 'NEWS', NULL, FALSE, TRUE, TRUE, '2026-05-16T13:28:49.229Z'::timestamp, '2026-05-16T13:28:49.229Z'::timestamp) ON CONFLICT DO NOTHING;
INSERT INTO public."Short" ("id", "userId", "cityId", "title", "youtubeVideoId", "thumbnailUrl", "viewsCount", "likesCount", "commentsCount", "category", "linkedListingId", "isPinned", "isPromoted", "isApproved", "createdAt", "updatedAt") VALUES ('cmp8dtxe5007zmavtwr670by6', 'cmp8dtxbd0008mavt96zjmdxl', 'cmp8dtxb70000mavt7q4w47pi', 'New Plot Near Highway - Starting ₹10L! 🏠', 'dQw4w9WgXcQ', 'https://images.unsplash.com/photo-1560518883-ce09059eeffa?w=400', 6700, 230, 34, 'PROMOTION', 'cmp8dtxbo000wmavt0ppy0hfr', FALSE, FALSE, TRUE, '2026-05-16T13:28:49.230Z'::timestamp, '2026-05-16T13:28:49.230Z'::timestamp) ON CONFLICT DO NOTHING;

-- Table: VideoPlaylist
INSERT INTO public."VideoPlaylist" ("id", "categoryId", "title", "description", "thumbnailUrl", "creatorId", "isPremium", "isFeatured", "isApproved", "sortOrder", "createdAt", "updatedAt") VALUES ('cmp8dtxe90086mavtkhpz4ntf', 'cmp8dtxe60080mavtpemo6evg', '10th Class Maths - Complete Course', 'పదవ తరగతి గణితం - పూర్తి కోర్సు. అన్ని అధ్యాయాలు వివరణాత్మకంగా.', 'https://images.unsplash.com/photo-1503676260728-1c00da094a0b?w=800', 'cmp8dtxba0004mavtyqcph9qw', FALSE, TRUE, TRUE, 1, '2026-05-16T13:28:49.233Z'::timestamp, '2026-05-16T13:28:49.233Z'::timestamp) ON CONFLICT DO NOTHING;
INSERT INTO public."VideoPlaylist" ("id", "categoryId", "title", "description", "thumbnailUrl", "creatorId", "isPremium", "isFeatured", "isApproved", "sortOrder", "createdAt", "updatedAt") VALUES ('cmp8dtxe90088mavtcqj6hywq', 'cmp8dtxe70082mavtzdb8xqj4', 'Bank Exams Preparation - IBPS & SBI', 'బ్యాంక్ పరీక్షల కోసం సమగ్ర తయారీ. Reasoning, Aptitude, English, GK.', 'https://images.unsplash.com/photo-1434030216411-0b793f4b4173?w=800', 'cmp8dtxba0004mavtyqcph9qw', TRUE, TRUE, TRUE, 1, '2026-05-16T13:28:49.234Z'::timestamp, '2026-05-16T13:28:49.234Z'::timestamp) ON CONFLICT DO NOTHING;
INSERT INTO public."VideoPlaylist" ("id", "categoryId", "title", "description", "thumbnailUrl", "creatorId", "isPremium", "isFeatured", "isApproved", "sortOrder", "createdAt", "updatedAt") VALUES ('cmp8dtxea008amavtja8zwufx', 'cmp8dtxe60081mavt65tcq8wq', 'Carpentry Skills - Learn Woodworking', 'వడ్రంగి నైపుణ్యాలు - కలప పని నేర్చుకోండి. Step by step tutorials.', 'https://images.unsplash.com/photo-1581783898377-1c85bf937427?w=800', 'cmp8dtxbg000emavt8x32dre7', FALSE, FALSE, TRUE, 1, '2026-05-16T13:28:49.235Z'::timestamp, '2026-05-16T13:28:49.235Z'::timestamp) ON CONFLICT DO NOTHING;
INSERT INTO public."VideoPlaylist" ("id", "categoryId", "title", "description", "thumbnailUrl", "creatorId", "isPremium", "isFeatured", "isApproved", "sortOrder", "createdAt", "updatedAt") VALUES ('cmp8dtxeb008cmavtm2t3wgvc', 'cmp8dtxe80084mavtyqy0apz8', 'Health & Wellness Tips - Telugu', 'ఆరోగ్య చిట్కాలు - తెలుగులో. Daily health tips for a better life.', 'https://images.unsplash.com/photo-1505751172876-fa1923c5c528?w=800', 'cmp8dtxba0004mavtyqcph9qw', FALSE, TRUE, TRUE, 1, '2026-05-16T13:28:49.235Z'::timestamp, '2026-05-16T13:28:49.235Z'::timestamp) ON CONFLICT DO NOTHING;
INSERT INTO public."VideoPlaylist" ("id", "categoryId", "title", "description", "thumbnailUrl", "creatorId", "isPremium", "isFeatured", "isApproved", "sortOrder", "createdAt", "updatedAt") VALUES ('cmp8dtxeb008emavtb6w8rlmf', 'cmp8dtxe80083mavtcj4spyx3', 'Choutuppal Jatara 2025 - Full Coverage', 'చౌటుప్పల్ జాతర 2025 - పూర్తి కవరేజ్. Cultural programs and highlights.', 'https://images.unsplash.com/photo-1544829099-b9a0c07fad1a?w=800', 'cmp8dtxbk000mmavtg6adh05f', FALSE, TRUE, TRUE, 1, '2026-05-16T13:28:49.236Z'::timestamp, '2026-05-16T13:28:49.236Z'::timestamp) ON CONFLICT DO NOTHING;

-- Table: LongVideo
INSERT INTO public."LongVideo" ("id", "playlistId", "title", "description", "youtubeVideoId", "thumbnailUrl", "duration", "viewsCount", "likesCount", "isPublished", "sortOrder", "createdAt", "updatedAt") VALUES ('cmp8dtxec008gmavt186iftpc', 'cmp8dtxe90086mavtkhpz4ntf', 'Chapter 1 - Real Numbers | వాస్తవ సంఖ్యలు', 'Introduction to Real Numbers - Euclid''s Division Lemma, Fundamental Theorem of Arithmetic', 'dQw4w9WgXcQ', 'https://images.unsplash.com/photo-1635070041078-e363dbe005cb?w=400', '45:20', 12500, 890, TRUE, 1, '2026-05-16T13:28:49.237Z'::timestamp, '2026-05-16T13:28:49.237Z'::timestamp) ON CONFLICT DO NOTHING;
INSERT INTO public."LongVideo" ("id", "playlistId", "title", "description", "youtubeVideoId", "thumbnailUrl", "duration", "viewsCount", "likesCount", "isPublished", "sortOrder", "createdAt", "updatedAt") VALUES ('cmp8dtxed008imavtpdlxgsz3', 'cmp8dtxe90086mavtkhpz4ntf', 'Chapter 2 - Polynomials | బహుపదులు', 'Polynomials - Zeros, relationship between zeros and coefficients', 'dQw4w9WgXcQ', 'https://images.unsplash.com/photo-1596495577886-d920f1fb7238?w=400', '38:15', 9800, 670, TRUE, 2, '2026-05-16T13:28:49.237Z'::timestamp, '2026-05-16T13:28:49.237Z'::timestamp) ON CONFLICT DO NOTHING;
INSERT INTO public."LongVideo" ("id", "playlistId", "title", "description", "youtubeVideoId", "thumbnailUrl", "duration", "viewsCount", "likesCount", "isPublished", "sortOrder", "createdAt", "updatedAt") VALUES ('cmp8dtxee008kmavt5msuezg2', 'cmp8dtxe90086mavtkhpz4ntf', 'Chapter 3 - Pair of Linear Equations | రేఖీయ సమీకరణాల జత', 'Pair of Linear Equations in Two Variables - Graphical and Algebraic methods', 'dQw4w9WgXcQ', 'https://images.unsplash.com/photo-1509228468518-180dd4864904?w=400', '52:30', 8700, 560, TRUE, 3, '2026-05-16T13:28:49.238Z'::timestamp, '2026-05-16T13:28:49.238Z'::timestamp) ON CONFLICT DO NOTHING;
INSERT INTO public."LongVideo" ("id", "playlistId", "title", "description", "youtubeVideoId", "thumbnailUrl", "duration", "viewsCount", "likesCount", "isPublished", "sortOrder", "createdAt", "updatedAt") VALUES ('cmp8dtxee008mmavtmgk4e56o', 'cmp8dtxe90088mavtcqj6hywq', 'Reasoning - Syllogism Tricks | తార్కిక నిర్ధారణ', 'Master syllogism with easy tricks and shortcuts for bank exams', 'dQw4w9WgXcQ', 'https://images.unsplash.com/photo-1434030216411-0b793f4b4173?w=400', '1:05:00', 25000, 2100, TRUE, 1, '2026-05-16T13:28:49.239Z'::timestamp, '2026-05-16T13:28:49.239Z'::timestamp) ON CONFLICT DO NOTHING;
INSERT INTO public."LongVideo" ("id", "playlistId", "title", "description", "youtubeVideoId", "thumbnailUrl", "duration", "viewsCount", "likesCount", "isPublished", "sortOrder", "createdAt", "updatedAt") VALUES ('cmp8dtxef008omavtp3snua0m', 'cmp8dtxe90088mavtcqj6hywq', 'Aptitude - Speed, Time & Distance | వేగం, సమయం & దూరం', 'Complete coverage of Speed, Time & Distance problems with shortcuts', 'dQw4w9WgXcQ', 'https://images.unsplash.com/photo-1596495578054-02a5e4f58e2f?w=400', '58:45', 18300, 1560, TRUE, 2, '2026-05-16T13:28:49.239Z'::timestamp, '2026-05-16T13:28:49.239Z'::timestamp) ON CONFLICT DO NOTHING;
INSERT INTO public."LongVideo" ("id", "playlistId", "title", "description", "youtubeVideoId", "thumbnailUrl", "duration", "viewsCount", "likesCount", "isPublished", "sortOrder", "createdAt", "updatedAt") VALUES ('cmp8dtxef008qmavtmvalhuke', 'cmp8dtxea008amavtja8zwufx', 'Introduction to Carpentry Tools | వడ్రంగి పనిముట్లు', 'Learn about essential carpentry tools and their uses', 'dQw4w9WgXcQ', 'https://images.unsplash.com/photo-1581783898377-1c85bf937427?w=400', '25:10', 5600, 340, TRUE, 1, '2026-05-16T13:28:49.240Z'::timestamp, '2026-05-16T13:28:49.240Z'::timestamp) ON CONFLICT DO NOTHING;
INSERT INTO public."LongVideo" ("id", "playlistId", "title", "description", "youtubeVideoId", "thumbnailUrl", "duration", "viewsCount", "likesCount", "isPublished", "sortOrder", "createdAt", "updatedAt") VALUES ('cmp8dtxeg008smavt4pw66itw', 'cmp8dtxea008amavtja8zwufx', 'Making a Wooden Chair - Step by Step', 'Complete tutorial on making a wooden chair from scratch', 'dQw4w9WgXcQ', 'https://images.unsplash.com/photo-1555041469-a586c61ea9bc?w=400', '42:30', 4100, 280, TRUE, 2, '2026-05-16T13:28:49.241Z'::timestamp, '2026-05-16T13:28:49.241Z'::timestamp) ON CONFLICT DO NOTHING;
INSERT INTO public."LongVideo" ("id", "playlistId", "title", "description", "youtubeVideoId", "thumbnailUrl", "duration", "viewsCount", "likesCount", "isPublished", "sortOrder", "createdAt", "updatedAt") VALUES ('cmp8dtxeh008umavt9kemlsgt', 'cmp8dtxeb008cmavtm2t3wgvc', 'ఉదయం నడక ప్రయోజనాలు | Benefits of Morning Walk', 'రోజు ఉదయం నడక వల్ల కలిగే 10 ప్రయోజనాలు', 'dQw4w9WgXcQ', 'https://images.unsplash.com/photo-1505751172876-fa1923c5c528?w=400', '12:45', 32000, 4500, TRUE, 1, '2026-05-16T13:28:49.241Z'::timestamp, '2026-05-16T13:28:49.241Z'::timestamp) ON CONFLICT DO NOTHING;
INSERT INTO public."LongVideo" ("id", "playlistId", "title", "description", "youtubeVideoId", "thumbnailUrl", "duration", "viewsCount", "likesCount", "isPublished", "sortOrder", "createdAt", "updatedAt") VALUES ('cmp8dtxeh008wmavtlq7jjrgh', 'cmp8dtxeb008cmavtm2t3wgvc', 'మధుమేహం నియంత్రణ - ఆహార చిట్కాలు | Diabetes Diet Tips', 'మధుమేహ నియంత్రణకు ఆహార సలహాలు మరియు చిట్కాలు', 'dQw4w9WgXcQ', 'https://images.unsplash.com/photo-1576091160399-112ba8d25d1d?w=400', '18:20', 28500, 3800, TRUE, 2, '2026-05-16T13:28:49.242Z'::timestamp, '2026-05-16T13:28:49.242Z'::timestamp) ON CONFLICT DO NOTHING;
INSERT INTO public."LongVideo" ("id", "playlistId", "title", "description", "youtubeVideoId", "thumbnailUrl", "duration", "viewsCount", "likesCount", "isPublished", "sortOrder", "createdAt", "updatedAt") VALUES ('cmp8dtxei008ymavt8uvudxum', 'cmp8dtxeb008emavtb6w8rlmf', 'Choutuppal Jatara 2025 - Day 1 Highlights', 'చౌటుప్పల్ జాతర 2025 - మొదటి రోజు ముఖ్యాంశాలు', 'dQw4w9WgXcQ', 'https://images.unsplash.com/photo-1544829099-b9a0c07fad1a?w=400', '15:30', 45000, 6700, TRUE, 1, '2026-05-16T13:28:49.242Z'::timestamp, '2026-05-16T13:28:49.242Z'::timestamp) ON CONFLICT DO NOTHING;
INSERT INTO public."LongVideo" ("id", "playlistId", "title", "description", "youtubeVideoId", "thumbnailUrl", "duration", "viewsCount", "likesCount", "isPublished", "sortOrder", "createdAt", "updatedAt") VALUES ('cmp8dtxej0090mavtaldicwgy', 'cmp8dtxeb008emavtb6w8rlmf', 'Jatara Cultural Programs - Traditional Dance', 'జాతర సాంస్కృతిక కార్యక్రమాలు - సంప్రదాయ నృత్యం', 'dQw4w9WgXcQ', 'https://images.unsplash.com/photo-1544829099-b9a0c07fad1a?w=400', '22:15', 38000, 5400, TRUE, 2, '2026-05-16T13:28:49.243Z'::timestamp, '2026-05-16T13:28:49.243Z'::timestamp) ON CONFLICT DO NOTHING;

-- Table: Transaction
INSERT INTO public."Transaction" ("id", "userId", "agentId", "cityAdminId", "cityId", "type", "amount", "agentCommission", "cityAdminShare", "superAdminShare", "status", "description", "razorpayPaymentId", "createdAt") VALUES ('cmp8dtxdg0060mavtyds1dmu3', 'cmp8dtxbc0006mavt3bpkbux9', 'cmp8dtxda005pmavtwhyalc9k', 'cmp8dtxba0004mavtyqcph9qw', 'cmp8dtxb70000mavt7q4w47pi', 'SUBSCRIPTION', 299, 59.8, 71.8, 167.4, 'completed', 'Pro Plan Subscription - Ramesh Kumar', NULL, '2026-05-16T13:28:49.204Z'::timestamp) ON CONFLICT DO NOTHING;
INSERT INTO public."Transaction" ("id", "userId", "agentId", "cityAdminId", "cityId", "type", "amount", "agentCommission", "cityAdminShare", "superAdminShare", "status", "description", "razorpayPaymentId", "createdAt") VALUES ('cmp8dtxdg0062mavtit6obrvy', 'cmp8dtxbe000amavtmxdzjyu5', 'cmp8dtxda005pmavtwhyalc9k', 'cmp8dtxba0004mavtyqcph9qw', 'cmp8dtxb70000mavt7q4w47pi', 'LISTING', 499, 99.8, 119.8, 279.4, 'completed', 'Premium Listing Upgrade - Lakshmi Beauty Salon', NULL, '2026-05-16T13:28:49.205Z'::timestamp) ON CONFLICT DO NOTHING;
INSERT INTO public."Transaction" ("id", "userId", "agentId", "cityAdminId", "cityId", "type", "amount", "agentCommission", "cityAdminShare", "superAdminShare", "status", "description", "razorpayPaymentId", "createdAt") VALUES ('cmp8dtxdh0064mavthwiq8166', 'cmp8dtxbd0008mavt96zjmdxl', NULL, 'cmp8dtxba0004mavtyqcph9qw', 'cmp8dtxb70000mavt7q4w47pi', 'SUBSCRIPTION', 499, 0, 149.7, 349.3, 'completed', 'Premium Plan Subscription - Suresh Reddy (Direct)', NULL, '2026-05-16T13:28:49.205Z'::timestamp) ON CONFLICT DO NOTHING;
INSERT INTO public."Transaction" ("id", "userId", "agentId", "cityAdminId", "cityId", "type", "amount", "agentCommission", "cityAdminShare", "superAdminShare", "status", "description", "razorpayPaymentId", "createdAt") VALUES ('cmp8dtxdi0066mavt6h6nq27z', 'cmp8dtxbc0006mavt3bpkbux9', 'cmp8dtxda005pmavtwhyalc9k', 'cmp8dtxba0004mavtyqcph9qw', 'cmp8dtxb70000mavt7q4w47pi', 'BANNER', 199, 29.85, 47.7, 121.45, 'completed', 'Banner Ad - Sri Venkateswara Tiffin Center', NULL, '2026-05-16T13:28:49.206Z'::timestamp) ON CONFLICT DO NOTHING;
INSERT INTO public."Transaction" ("id", "userId", "agentId", "cityAdminId", "cityId", "type", "amount", "agentCommission", "cityAdminShare", "superAdminShare", "status", "description", "razorpayPaymentId", "createdAt") VALUES ('cmp8dtxdi0068mavtyi3qbjsd', 'cmp8dtxbf000cmavt5aq9r3xj', NULL, 'cmp8dtxba0004mavtyqcph9qw', 'cmp8dtxb70000mavt7q4w47pi', 'LISTING', 299, 0, 89.7, 209.3, 'completed', 'Pro Listing - Priya Sharma (Direct)', NULL, '2026-05-16T13:28:49.207Z'::timestamp) ON CONFLICT DO NOTHING;
INSERT INTO public."Transaction" ("id", "userId", "agentId", "cityAdminId", "cityId", "type", "amount", "agentCommission", "cityAdminShare", "superAdminShare", "status", "description", "razorpayPaymentId", "createdAt") VALUES ('cmp8dtxdq006pmavtq6acu7rq', 'cmp8dtxbc0006mavt3bpkbux9', 'cmp8dtxbh000gmavtp7dqc3pm', 'cmp8dtxbg000emavt8x32dre7', 'cmp8dtxb70000mavt7q4w47pi', 'LISTING', 299, 59.8, 71.76, 167.44, 'completed', 'Pro Listing - Lakshmi Beauty Salon', NULL, '2026-05-16T13:28:49.214Z'::timestamp) ON CONFLICT DO NOTHING;
INSERT INTO public."Transaction" ("id", "userId", "agentId", "cityAdminId", "cityId", "type", "amount", "agentCommission", "cityAdminShare", "superAdminShare", "status", "description", "razorpayPaymentId", "createdAt") VALUES ('cmp8dtxdr006rmavtwgfkyfhb', 'cmp8dtxbd0008mavt96zjmdxl', 'cmp8dtxbh000gmavtp7dqc3pm', 'cmp8dtxbg000emavt8x32dre7', 'cmp8dtxb70000mavt7q4w47pi', 'LISTING', 499, 99.8, 119.76, 279.44, 'completed', 'Premium Listing - Vijaya Educational Academy', NULL, '2026-05-16T13:28:49.215Z'::timestamp) ON CONFLICT DO NOTHING;
INSERT INTO public."Transaction" ("id", "userId", "agentId", "cityAdminId", "cityId", "type", "amount", "agentCommission", "cityAdminShare", "superAdminShare", "status", "description", "razorpayPaymentId", "createdAt") VALUES ('cmp8dtxdr006tmavtvx5hye1v', 'cmp8dtxbe000amavtmxdzjyu5', 'cmp8dtxbh000gmavtp7dqc3pm', 'cmp8dtxbg000emavt8x32dre7', 'cmp8dtxb70000mavt7q4w47pi', 'LISTING', 299, 59.8, 71.76, 167.44, 'completed', 'Pro Listing - Annapurna Mess', NULL, '2026-05-16T13:28:49.216Z'::timestamp) ON CONFLICT DO NOTHING;
INSERT INTO public."Transaction" ("id", "userId", "agentId", "cityAdminId", "cityId", "type", "amount", "agentCommission", "cityAdminShare", "superAdminShare", "status", "description", "razorpayPaymentId", "createdAt") VALUES ('cmp8dtxds006vmavtyfuogr6e', 'cmp8dtxbc0006mavt3bpkbux9', 'cmp8dtxbh000gmavtp7dqc3pm', 'cmp8dtxbg000emavt8x32dre7', 'cmp8dtxb70000mavt7q4w47pi', 'BANNER', 999, 149.85, 254.78, 594.37, 'completed', 'Banner Ad - Sri Venkateswara Tiffin Center', NULL, '2026-05-16T13:28:49.216Z'::timestamp) ON CONFLICT DO NOTHING;
INSERT INTO public."Transaction" ("id", "userId", "agentId", "cityAdminId", "cityId", "type", "amount", "agentCommission", "cityAdminShare", "superAdminShare", "status", "description", "razorpayPaymentId", "createdAt") VALUES ('cmp8dtxds006xmavtdrzhwt5c', 'cmp8dtxbd0008mavt96zjmdxl', NULL, 'cmp8dtxbg000emavt8x32dre7', 'cmp8dtxb70000mavt7q4w47pi', 'SUBSCRIPTION', 499, 0, 149.7, 349.3, 'completed', 'Premium Subscription - Suresh', NULL, '2026-05-16T13:28:49.217Z'::timestamp) ON CONFLICT DO NOTHING;
INSERT INTO public."Transaction" ("id", "userId", "agentId", "cityAdminId", "cityId", "type", "amount", "agentCommission", "cityAdminShare", "superAdminShare", "status", "description", "razorpayPaymentId", "createdAt") VALUES ('cmp8dtxdt006zmavtqnr73reo', 'cmp8dtxbc0006mavt3bpkbux9', NULL, 'cmp8dtxbg000emavt8x32dre7', 'cmp8dtxb70000mavt7q4w47pi', 'SUBSCRIPTION', 299, 0, 89.7, 209.3, 'completed', 'Pro Subscription - Ramesh', NULL, '2026-05-16T13:28:49.217Z'::timestamp) ON CONFLICT DO NOTHING;
INSERT INTO public."Transaction" ("id", "userId", "agentId", "cityAdminId", "cityId", "type", "amount", "agentCommission", "cityAdminShare", "superAdminShare", "status", "description", "razorpayPaymentId", "createdAt") VALUES ('cmp8dtxdu0071mavtyq9mwfa7', 'cmp8dtxbe000amavtmxdzjyu5', NULL, 'cmp8dtxbg000emavt8x32dre7', 'cmp8dtxb70000mavt7q4w47pi', 'SUBSCRIPTION', 299, 0, 89.7, 209.3, 'completed', 'Pro Subscription - Lakshmi', NULL, '2026-05-16T13:28:49.218Z'::timestamp) ON CONFLICT DO NOTHING;
INSERT INTO public."Transaction" ("id", "userId", "agentId", "cityAdminId", "cityId", "type", "amount", "agentCommission", "cityAdminShare", "superAdminShare", "status", "description", "razorpayPaymentId", "createdAt") VALUES ('cmp8dtxdu0073mavtrd2rdn84', 'cmp8dtxbg000emavt8x32dre7', NULL, 'cmp8dtxba0004mavtyqcph9qw', 'cmp8dtxb70000mavt7q4w47pi', 'FRANCHISEE_FEE', 50000, 0, 0, 50000, 'completed', 'Franchisee Fee - Choutuppal City', NULL, '2026-05-16T13:28:49.219Z'::timestamp) ON CONFLICT DO NOTHING;
INSERT INTO public."Transaction" ("id", "userId", "agentId", "cityAdminId", "cityId", "type", "amount", "agentCommission", "cityAdminShare", "superAdminShare", "status", "description", "razorpayPaymentId", "createdAt") VALUES ('cmp8dtxdv0075mavtk1gor00b', 'cmp8dtxbd0008mavt96zjmdxl', 'cmp8dtxbh000gmavtp7dqc3pm', 'cmp8dtxbg000emavt8x32dre7', 'cmp8dtxb70000mavt7q4w47pi', 'NEWS_POST', 200, 20, 54, 126, 'completed', 'News Post - Krishna Real Estate', NULL, '2026-05-16T13:28:49.219Z'::timestamp) ON CONFLICT DO NOTHING;

-- Table: PayoutRequest
INSERT INTO public."PayoutRequest" ("id", "userId", "amount", "status", "upiId", "bankDetails", "note", "createdAt", "updatedAt") VALUES ('cmp8dtxdj006amavtvrjql7qo', 'cmp8dtxda005pmavtwhyalc9k', 1800, 'pending', 'venkat@paytm', NULL, NULL, '2026-05-16T13:28:49.207Z'::timestamp, '2026-05-16T13:28:49.207Z'::timestamp) ON CONFLICT DO NOTHING;
INSERT INTO public."PayoutRequest" ("id", "userId", "amount", "status", "upiId", "bankDetails", "note", "createdAt", "updatedAt") VALUES ('cmp8dtxdk006cmavtnpqsauc0', 'cmp8dtxd8005nmavtgaf53d60', 5000, 'approved', 'rajesh@upi', NULL, 'First payout approved', '2026-05-16T13:28:49.208Z'::timestamp, '2026-05-16T13:28:49.208Z'::timestamp) ON CONFLICT DO NOTHING;
INSERT INTO public."PayoutRequest" ("id", "userId", "amount", "status", "upiId", "bankDetails", "note", "createdAt", "updatedAt") VALUES ('cmp8dtxdw0077mavtwqyf5owm', 'cmp8dtxbh000gmavtp7dqc3pm', 1500, 'paid', 'rajesh@paytm', NULL, 'First payout - approved and paid', '2026-05-16T13:28:49.220Z'::timestamp, '2026-05-16T13:28:49.220Z'::timestamp) ON CONFLICT DO NOTHING;
INSERT INTO public."PayoutRequest" ("id", "userId", "amount", "status", "upiId", "bankDetails", "note", "createdAt", "updatedAt") VALUES ('cmp8dtxdw0079mavtuertxm26', 'cmp8dtxbh000gmavtp7dqc3pm', 1800, 'pending', 'rajesh@paytm', NULL, NULL, '2026-05-16T13:28:49.221Z'::timestamp, '2026-05-16T13:28:49.221Z'::timestamp) ON CONFLICT DO NOTHING;
INSERT INTO public."PayoutRequest" ("id", "userId", "amount", "status", "upiId", "bankDetails", "note", "createdAt", "updatedAt") VALUES ('cmp8dtxdx007bmavtd8xy8icm', 'cmp8dtxbg000emavt8x32dre7', 3000, 'paid', 'venkatrao@upi', NULL, 'Monthly commission payout', '2026-05-16T13:28:49.221Z'::timestamp, '2026-05-16T13:28:49.221Z'::timestamp) ON CONFLICT DO NOTHING;
INSERT INTO public."PayoutRequest" ("id", "userId", "amount", "status", "upiId", "bankDetails", "note", "createdAt", "updatedAt") VALUES ('cmp8dtxdx007dmavtke70tz7u', 'cmp8dtxbg000emavt8x32dre7', 3200, 'pending', 'venkatrao@upi', NULL, NULL, '2026-05-16T13:28:49.222Z'::timestamp, '2026-05-16T13:28:49.222Z'::timestamp) ON CONFLICT DO NOTHING;

